{
	"format_version": "1.12.0",
	"minecraft:geometry": [
		{
			"description": {
				"identifier": "geometry.trident",
				"texture_width": 96,
				"texture_height": 96,
				"visible_bounds_width": 3,
				"visible_bounds_height": 2,
				"visible_bounds_offset": [0, 0, 0]
			},
			"bones": [
				{
					"name": "pole",
					"pivot": [0, 0, 0],
					"cubes": [
						{"origin": [3, 11, -4], "size": [8, 8, 8], "inflate": 1, "pivot": [0, 0, 0], "rotation": [0, -25, 0], "uv": [8, 8]},
						{"origin": [3, 9, -4], "size": [8, 12, 8], "inflate": 0.1, "pivot": [0, 0, 0], "rotation": [0, -25, 0], "uv": [8, 8]},
						{"origin": [3, 11, -6], "size": [8, 8, 12], "inflate": 0.1, "pivot": [0, 0, 0], "rotation": [0, -25, 0], "uv": [0, 0]},
						{"origin": [1, 11, -4], "size": [12, 8, 8], "inflate": 0.1, "pivot": [0, 0, 0], "rotation": [0, -25, 0], "uv": [0, 0]}
					]
				}
			]
		}
	]
}