{
  "format_version": "1.10.0",
  "animation_controllers": {
    "controller.animation.quirk_explosion2": {
      "initial_state": "default",
      "states": {
        "default": {
          "transitions": [
            {
              "shoot": "query.mark_variant == 1 && query.get_equipped_item_name=='explosion2' && query.item_remaining_use_duration > 1"
            }
          ],
          "on_entry": [
            "@s quirk:explosion2_fire",
            "/replaceitem entity @s slot.weapon.mainhand 0 air"
          ]
        },
        "shoot": {
          "transitions": [
            {
              "default": "query.mark_variant == 1 && query.get_equipped_item_name=='explosion2' && query.item_remaining_use_duration > 1"
            }
          ],
          "on_entry": [
            "@s quirk: explosion2_fire",
            "/replaceitem entity @s slot.weapon.mainhand 0 air"
          ]
        }
      }
    }
  }
}