{"resource_pack_name":"Addon Maker Resource","texture_data":{"armchairs":{"textures":"textures/items/armchairs"},"bench":{"textures":"textures/items/bench"},"big_table":{"textures":"textures/items/big_table"},"chair":{"textures":"textures/items/chair"},"christmas_tree":{"textures":"textures/items/christmas_tree"},"closet":{"textures":"textures/items/closet"},"colorful_gifts":{"textures":"textures/items/colorful_gifts"},"drone":{"textures":"textures/items/drone"},"egg_camel":{"textures":"textures/items/egg_camel"},"egg_crocodile":{"textures":"textures/items/egg_crocodile"},"egg_deer":{"textures":"textures/items/egg_deer"},"egg_elephant":{"textures":"textures/items/egg_elephant"},"egg_frog":{"textures":"textures/items/egg_frog"},"egg_lion":{"textures":"textures/items/egg_lion"},"egg_mouse":{"textures":"textures/items/egg_mouse"},"egg_panther":{"textures":"textures/items/egg_panther"},"egg_penguin":{"textures":"textures/items/egg_penguin"},"egg_tiger":{"textures":"textures/items/egg_tiger"},"eln:ahead":{"textures":"textures/items/pamobile/eln_ahead"},"eln:ap_shoot":{"textures":"textures/items/pamobile/eln_ap_shoot"},"eln:mode":{"textures":"textures/items/pamobile/eln_mode"},"eln:remove":{"textures":"textures/items/pamobile/eln_remove"},"eln:up":{"textures":"textures/items/pamobile/eln_up"},"eln_armor":{"textures":"textures/items/pamobile/eln_armor"},"gallardo":{"textures":"textures/items/gallardo"},"hif:fire":{"textures":"textures/items/pamobile/hif_fire"},"hif:ice":{"textures":"textures/items/pamobile/hif_ice"},"hif:mode":{"textures":"textures/items/pamobile/hif_mode"},"hif:remove":{"textures":"textures/items/pamobile/hif_remove"},"hif_armor":{"textures":"textures/items/pamobile/hif_armor"},"laptop":{"textures":"textures/items/laptop"},"ofa:last_hit":{"textures":"textures/items/pamobile/ofa_last_hit"},"ofa:oh":{"textures":"textures/items/pamobile/ofa_oh"},"ofa:remove":{"textures":"textures/items/pamobile/ofa_remove"},"ofa:shoot_style":{"textures":"textures/items/pamobile/ofa_shoot_style"},"ofa:smash":{"textures":"textures/items/pamobile/ofa_smash"},"ofa_armor":{"textures":"textures/items/pamobile/ofa_armor"},"piano":{"textures":"textures/items/piano"},"quick:decay":{"textures":"textures/items/pamobile/quick_decay"},"remove:quick_decay":{"textures":"textures/items/pamobile/remove_decay"},"small_table":{"textures":"textures/items/small_table"},"tivi":{"textures":"textures/items/tivi"}},"texture_name":"atlas.items"}