{"format_version":"1.10.0","minecraft:entity":{"component_groups":{"exploding":{"minecraft:explode":{"causesFire":false,"fuseLength":2,"fuseLit":true,"power":2}}},"components":{"minecraft:collision_box":{"height":0.25,"width":0.25},"minecraft:explode":{"causesFire":false,"fuseLength":1.2,"fuseLit":true,"power":2},"minecraft:physics":{},"minecraft:projectile":{"angleoffset":0,"gravity":0,"onHit":{"arrow_effect":{},"impact_damage":{"damage":30,"destroy_on_hit":true,"knockback":false,"semi_random_diff_damage":false},"mob_effect":{"amplifier":1,"durationeasy":200,"durationhard":200,"durationnormal":200,"effect":""},"stick_in_ground":{"shake_time":0.35}},"power":3}},"description":{"identifier":"eln:ap_shoot","is_experimental":false,"is_spawnable":false,"is_summonable":true,"runtime_identifier":"minecraft:snowball"}}}