{"format_version":"1.8.0","minecraft:entity":{"component_groups":{"dead":{"minecraft:explode":{"causesFire":false,"destroyAffectedByGriefing":true,"fuseLength":0,"fuseLit":true,"power":0}}},"components":{"minecraft:behavior.knockback_roar":{"attack_time":0.1,"cooldown_time":0.1,"damage_filters":{"operator":"!=","subject":"other","test":"is_family","value":"player"},"duration":0.1,"knockback_damage":50000,"knockback_filters":{"operator":"!=","subject":"other","test":"is_family","value":"player"},"knockback_range":12,"knockback_strength":500,"on_roar_end":{"event":"stop_attack"},"priority":1},"minecraft:behavior.look_at_player":{"look_distance":6,"priority":0,"probability":0.02},"minecraft:collision_box":{"height":0,"width":0},"minecraft:damage_sensor":{"triggers":{"cause":"all","deals_damage":false}},"minecraft:explode":{"causesFire":false,"destroyAffectedByGriefing":true,"fuseLength":0.5,"fuseLit":true,"power":0},"minecraft:fire_immune":true,"minecraft:health":{"max":1,"value":1},"minecraft:movement":{"value":0},"minecraft:nameable":{}},"description":{"identifier":"entity:ofa_nitro_lh","is_experimental":false,"is_spawnable":false,"is_summonable":true,"runtime_identifier":"entity:ofa_nitro_lh"},"events":{"dead":{"dead":{"component_groups":["dead"]}}}}}