{
  "resource_pack_name": "Furnicraft[Resource]",
  "texture_name": "atlas.items",
  "texture_data": {
    "egg_camel": {
      "textures": "textures/items/egg_camel"
    },
    "egg_lion": {
      "textures": "textures/items/egg_lion"
    },
    "egg_penguin": {
      "textures": "textures/items/egg_penguin"
    },
    "egg_tiger": {
      "textures": "textures/items/egg_tiger"
    },
    "egg_elephant": {
      "textures": "textures/items/egg_elephant"
    },
    "egg_deer": {
      "textures": "textures/items/egg_deer"
    },
    "egg_panther": {
      "textures": "textures/items/egg_panther"
    },
    "egg_frog": {
      "textures": "textures/items/egg_frog"
    },
    "egg_crocodile": {
      "textures": "textures/items/egg_crocodile"
    },
    "egg_mouse": {
      "textures": "textures/items/egg_mouse"
    },
    "gallardo": {
      "textures": "textures/items/gallardo"
    },
    "bench": {
      "textures": "textures/items/bench"
    },
    "christmas_tree": {
      "textures": "textures/items/christmas_tree"
    },
    "tivi": {
      "textures": "textures/items/tivi"
    },
    "closet": {
      "textures": "textures/items/closet"
    },
    "laptop": {
      "textures": "textures/items/laptop"
    },
    "piano": {
      "textures": "textures/items/piano"
    },
    "armchairs": {
      "textures": "textures/items/armchairs"
    },
    "chair": {
      "textures": "textures/items/chair"
    },
    "big_table": {
      "textures": "textures/items/big_table"
    },
    "small_table": {
      "textures": "textures/items/small_table"
    },
    "drone": {
      "textures": "textures/items/drone"
    },
    "colorful_gifts": {
      "textures": "textures/items/colorful_gifts"
    },
    "quirk:ofa2": {
      "textures": "textures/items/pamobile/quirk_ofa2"
    },
    "quirk:explosion2": {
      "textures": "textures/items/pamobile/quirk_explosion2"
    },
    "quirk:electrification1": {
      "textures": "textures/items/pamobile/quirk_electrification1"
    },
    "quirk:engine1": {
      "textures": "textures/items/pamobile/quirk_engine1"
    },
    "documento:engine": {
      "textures": "textures/items/pamobile/documento_engine"
    },
    "quirk:ofa6": {
      "textures": "textures/items/pamobile/quirk_ofa6"
    },
    "documento:rewind": {
      "textures": "textures/items/pamobile/documento_rewind"
    },
    "documento:invisibility": {
      "textures": "textures/items/pamobile/documento_invisibility"
    },
    "documento:darkshadow": {
      "textures": "textures/items/pamobile/documento_darkshadow"
    },
    "quirk:ofa4": {
      "textures": "textures/items/pamobile/quirk_ofa4"
    },
    "documento:electrification3": {
      "textures": "textures/items/pamobile/documento_electrification3"
    },
    "quirk:muscle_augmentation": {
      "textures": "textures/items/pamobile/quirk_muscle_augmentation"
    },
    "quirk:overhaul": {
      "textures": "textures/items/pamobile/quirk_overhaul"
    },
    "quirk:manifest": {
      "textures": "textures/items/pamobile/quirk_manifest"
    },
    "documento:0gravity": {
      "textures": "textures/items/pamobile/documento_0gravity"
    },
    "quirk:nomu": {
      "textures": "textures/items/pamobile/quirk_nomu"
    },
    "quirk:manifest2": {
      "textures": "textures/items/pamobile/quirk_manifest2"
    },
    "quirk:afo": {
      "textures": "textures/items/pamobile/quirk_afo"
    },
    "documento:hardening": {
      "textures": "textures/items/pamobile/documento_hardening"
    },
    "documento:ofa": {
      "textures": "textures/items/pamobile/documento_ofa"
    },
    "documento:explosion": {
      "textures": "textures/items/pamobile/documento_explosion"
    },
    "quirk:half_hot_half_cold": {
      "textures": "textures/items/pamobile/quirk_half_hot_half_cold"
    },
    "quirk:half_hot_half_cold2": {
      "textures": "textures/items/pamobile/quirk_half_hot_half_cold2"
    },
    "quirk:gravity0": {
      "textures": "textures/items/pamobile/quirk_gravity0"
    },
    "quirk:overhaul2": {
      "textures": "textures/items/pamobile/quirk_overhaul2"
    },
    "documento:manifest": {
      "textures": "textures/items/pamobile/documento_manifest"
    },
    "documento:half_hot_half_cold": {
      "textures": "textures/items/pamobile/documento_half_hot_half_cold"
    },
    "documento:fierce_wings": {
      "textures": "textures/items/pamobile/documento_fierce_wings"
    },
    "documento:overhaul": {
      "textures": "textures/items/pamobile/documento_overhaul"
    },
    "documento:afo": {
      "textures": "textures/items/pamobile/documento_afo"
    },
    "documento:nomu": {
      "textures": "textures/items/pamobile/documento_nomu"
    },
    "documento:muscle_augmentation": {
      "textures": "textures/items/pamobile/documento_muscle_augmentation"
    },
    "quirk:ofa3": {
      "textures": "textures/items/pamobile/quirk_ofa3"
    },
    "quirk:half_hot_half_cold3": {
      "textures": "textures/items/pamobile/quirk_half_hot_half_cold3"
    },
    "documento:decay": {
      "textures": "textures/items/pamobile/documento_decay"
    },
    "quirk:overhaul3": {
      "textures": "textures/items/pamobile/quirk_overhaul3"
    },
    "quirk:half_hot_half_cold4": {
      "textures": "textures/items/pamobile/quirk_half_hot_half_cold4"
    },
    "quirk:explosion3": {
      "textures": "textures/items/pamobile/quirk_explosion3"
    },
    "quirk:decay": {
      "textures": "textures/items/pamobile/quirk_decay"
    },
    "documento:allmight": {
      "textures": "textures/items/pamobile/documento_allmight"
    },
    "quirk:electrification4": {
      "textures": "textures/items/pamobile/quirk_electrification4"
    },
    "quirk:electrification2": {
      "textures": "textures/items/pamobile/quirk_electrification2"
    },
    "quirk:darkshadow1": {
      "textures": "textures/items/pamobile/quirk_darkshadow1"
    },
    "itemsquirk:midoriyasmask": {
      "textures": "textures/items/pamobile/itemsquirk_midoriyasmask"
    },
    "quirk:ofa1": {
      "textures": "textures/items/pamobile/quirk_ofa1"
    },
    "quirk:hardning2": {
      "textures": "textures/items/pamobile/quirk_hardning2"
    },
    "itemsmha:quirk_paper": {
      "textures": "textures/items/pamobile/itemsmha_quirk_paper"
    },
    "itemsquirk:chargedpoints": {
      "textures": "textures/items/pamobile/itemsquirk_chargedpoints"
    },
    "itemsquirk:flamingpoints": {
      "textures": "textures/items/pamobile/itemsquirk_flamingpoints"
    },
    "itemsquirk:darknesspoints": {
      "textures": "textures/items/pamobile/itemsquirk_darknesspoints"
    },
    "itemsquirk:frozenpoints": {
      "textures": "textures/items/pamobile/itemsquirk_frozenpoints"
    },
    "itemsquirk:points": {
      "textures": "textures/items/pamobile/itemsquirk_points"
    },
    "itemsquirk:p1": {
      "textures": "textures/items/pamobile/itemsquirk_p1"
    }
  }
}