{"format_version":"1.8.0","minecraft:spawn_rules":{"description":{"identifier":"mob:nomu4","population_control":"monster"},"conditions":[{"minecraft:spawns_underground":{},"minecraft:spawns_on_surface":{},"minecraft:spawns_on_block_filter":"minecraft:grass","minecraft:brightness_filter":{"min":1,"max":15,"adjust_for_weather":false},"minecraft:weight":{"default":25},"minecraft:herd":{"min_size":1,"max_size":4},"minecraft:density_limit":{"surface":5},"minecraft:biome_filter":[{"any_of":[{"test":"has_biome_tag","operator":"==","value":"legacy_frozen_ocean"},{"test":"has_biome_tag","operator":"==","value":"frozen_ocean"},{"test":"has_biome_tag","operator":"==","value":"deep_frozen_ocean"},{"test":"has_biome_tag","operator":"==","value":"cold_ocean"},{"test":"has_biome_tag","operator":"==","value":"deep_cold_ocean"},{"test":"has_biome_tag","operator":"==","value":"frozen_river"},{"test":"has_biome_tag","operator":"==","value":"cold_beach"},{"test":"has_biome_tag","operator":"==","value":"cold_taiga"},{"test":"has_biome_tag","operator":"==","value":"cold_taiga_hills"},{"test":"has_biome_tag","operator":"==","value":"cold_taiga_mutated"},{"test":"has_biome_tag","operator":"==","value":"ice_plains"},{"test":"has_biome_tag","operator":"==","value":"ice_mountains"},{"test":"has_biome_tag","operator":"==","value":"ice_plains_spikes"}]}]},{"minecraft:spawns_underground":{},"minecraft:brightness_filter":{"min":1,"max":15,"adjust_for_weather":false},"minecraft:weight":{"default":25},"minecraft:herd":{"min_size":1,"max_size":4},"minecraft:density_limit":{"surface":5},"minecraft:biome_filter":[{"any_of":[{"test":"has_biome_tag","operator":"==","value":"legacy_frozen_ocean"},{"test":"has_biome_tag","operator":"==","value":"frozen_ocean"},{"test":"has_biome_tag","operator":"==","value":"deep_frozen_ocean"},{"test":"has_biome_tag","operator":"==","value":"cold_ocean"},{"test":"has_biome_tag","operator":"==","value":"deep_cold_ocean"},{"test":"has_biome_tag","operator":"==","value":"frozen_river"},{"test":"has_biome_tag","operator":"==","value":"cold_beach"},{"test":"has_biome_tag","operator":"==","value":"cold_taiga"},{"test":"has_biome_tag","operator":"==","value":"cold_taiga_hills"},{"test":"has_biome_tag","operator":"==","value":"cold_taiga_mutated"},{"test":"has_biome_tag","operator":"==","value":"ice_plains"},{"test":"has_biome_tag","operator":"==","value":"ice_mountains"},{"test":"has_biome_tag","operator":"==","value":"ice_plains_spikes"}]}]}]}}