{
	"format_version": "1.12.0",
	"minecraft:geometry": [
		{
			"description": {
				"identifier": "geometry.quirk6",
				"texture_width": 32,
				"texture_height": 32,
				"visible_bounds_width": 3,
				"visible_bounds_height": 3,
				"visible_bounds_offset": [0, 0, 0]
			},
			"bones": [
				{
					"name": "rightArm",
					"pivot": [-5, 22, 0],
					"cubes": [
						{"origin": [-10, 10, -2], "size": [4, 14, 4], "inflate": 1, "uv": [0, 9]},
						{"origin": [-10, 21, -3], "size": [4, 3, 6], "inflate": 0.7, "uv": [6, 23]},
						{"origin": [-10, 22, -2], "size": [4, 3, 4], "inflate": 0.7, "uv": [0, 25]},
						{"origin": [-11, 21, -2], "size": [6, 3, 4], "inflate": 0.7, "uv": [12, 25]},
						{"origin": [-11, 16, -2], "size": [6, 3, 4], "inflate": 0.7, "uv": [12, 25]},
						{"origin": [-11, 11, -2], "size": [6, 3, 4], "inflate": 0.7, "uv": [12, 9]},
						{"origin": [-16, 5, 2], "size": [0, 3, 0], "inflate": 0.7, "pivot": [-7, -8, 0], "rotation": [0, 0, 15], "uv": [3, 14]},
						{"origin": [-3, 19, 2], "size": [0, 3, 0], "inflate": 0.7, "pivot": [6, 6, 0], "rotation": [0, 0, -60], "uv": [19, 16]},
						{"origin": [-3, 19, 0], "size": [0, 3, 0], "inflate": 0.7, "pivot": [6, 6, -2], "rotation": [0, 0, -60], "uv": [19, 16]},
						{"origin": [-3, 19, -2], "size": [0, 3, 0], "inflate": 0.7, "pivot": [6, 6, -4], "rotation": [0, 0, -60], "uv": [19, 16]},
						{"origin": [-16, 5, 0], "size": [0, 3, 0], "inflate": 0.7, "pivot": [-7, -8, -2], "rotation": [0, 0, 15], "uv": [13, 11]},
						{"origin": [-16, 5, -2], "size": [0, 3, 0], "inflate": 0.7, "pivot": [-7, -8, -4], "rotation": [0, 0, 15], "uv": [13, 24]},
						{"origin": [-5, 25, -1], "size": [0, 3, 0], "inflate": 0.7, "pivot": [4, 12, -3], "rotation": [0, 0, -40], "uv": [5, 1]},
						{"origin": [-10.5, 10, 0], "size": [0, 3, 0], "inflate": 0.6, "pivot": [-2, -3, -2], "rotation": [0, 0, -10], "uv": [5, 1]},
						{"origin": [-10, 10, -2], "size": [0, 3, 0], "inflate": 0.6, "pivot": [-1, -3, -4], "rotation": [0, 0, -10], "uv": [5, 1]},
						{"origin": [-10, 10.5, 2], "size": [0, 3, 0], "inflate": 0.6, "pivot": [-1, -3, 0], "rotation": [0, 0, -10], "uv": [5, 1]},
						{"origin": [-5, 24, 0], "size": [0, 3, 0], "inflate": 0.7, "pivot": [4, 11, -2], "rotation": [0, 0, -40], "uv": [5, 1]},
						{"origin": [-8, 14, 6], "size": [0, 3, 0], "inflate": 0.7, "pivot": [1, 1, 4], "rotation": [40, 0, 0], "uv": [5, 1]},
						{"origin": [-10, 13, 6], "size": [0, 3, 0], "inflate": 0.7, "pivot": [-1, 0, 4], "rotation": [40, 0, 0], "uv": [5, 1]},
						{"origin": [-9, 24, 6], "size": [0, 3, 0], "inflate": 0.7, "pivot": [0, 11, 4], "rotation": [40, 0, 0], "uv": [5, 1]},
						{"origin": [-9, 24, -4], "size": [0, 3, 0], "inflate": 0.7, "pivot": [0, 11, -6], "rotation": [-40, 0, 0], "uv": [5, 1]},
						{"origin": [-8, 26, -4], "size": [0, 3, 0], "inflate": 0.7, "pivot": [1, 13, -6], "rotation": [-40, 0, 0], "uv": [5, 1]},
						{"origin": [-7, 22, -4], "size": [0, 3, 0], "inflate": 0.7, "pivot": [2, 9, -6], "rotation": [-40, 0, 0], "uv": [5, 1]},
						{"origin": [-9, 21, -5], "size": [0, 3, 0], "inflate": 0.7, "pivot": [0, 8, -7], "rotation": [-40, 0, 0], "uv": [5, 1]},
						{"origin": [-8, 17, -5], "size": [0, 3, 0], "inflate": 0.7, "pivot": [1, 4, -7], "rotation": [-40, 0, 0], "uv": [5, 1]},
						{"origin": [-9, 16, -5], "size": [0, 3, 0], "inflate": 0.7, "pivot": [0, 3, -7], "rotation": [-40, 0, 0], "uv": [5, 1]},
						{"origin": [-13, 16, -8], "size": [0, 3, 0], "inflate": 0.7, "pivot": [-4, 3, -10], "rotation": [-40, 35, 0], "uv": [5, 1]},
						{"origin": [-12, 20, -8], "size": [0, 3, 0], "inflate": 0.7, "pivot": [-3, 7, -10], "rotation": [-40, 35, 0], "uv": [5, 1]},
						{"origin": [-12, 23, -8], "size": [0, 3, 0], "inflate": 0.7, "pivot": [-3, 10, -10], "rotation": [-40, 35, 0], "uv": [5, 1]},
						{"origin": [-13, 26, -8], "size": [0, 3, 0], "inflate": 0.7, "pivot": [-4, 13, -10], "rotation": [-40, 35, 0], "uv": [5, 1]},
						{"origin": [-8, 21, 6], "size": [0, 3, 0], "inflate": 0.7, "pivot": [1, 8, 4], "rotation": [40, 0, 0], "uv": [5, 1]},
						{"origin": [-9, 18, 6], "size": [0, 3, 0], "inflate": 0.7, "pivot": [0, 5, 4], "rotation": [40, 0, 0], "uv": [5, 1]},
						{"origin": [-11, 19, 10], "size": [0, 3, 0], "inflate": 0.7, "pivot": [-2, 6, 8], "rotation": [40, -35, 0], "uv": [5, 1]},
						{"origin": [-12, 14, 10], "size": [0, 3, 0], "inflate": 0.7, "pivot": [-3, 1, 8], "rotation": [40, -35, 0], "uv": [5, 1]},
						{"origin": [-12, 24, 10], "size": [0, 3, 0], "inflate": 0.7, "pivot": [-3, 11, 8], "rotation": [40, -35, 0], "uv": [5, 1]},
						{"origin": [-7, 17, 6], "size": [0, 3, 0], "inflate": 0.7, "pivot": [2, 4, 4], "rotation": [40, 0, 0], "uv": [5, 1]},
						{"origin": [-7, 18, 0.5], "size": [1, 2, 1], "inflate": 0.1, "pivot": [3, 5, -2], "rotation": [20, 0, 0], "uv": [23, 1]},
						{"origin": [-10, 19, 0.5], "size": [1, 2, 1], "inflate": 0.1, "pivot": [0, 6, -2], "rotation": [20, 0, 0], "uv": [23, 1]},
						{"origin": [-10, 14, 0.5], "size": [1, 2, 1], "inflate": 0.1, "pivot": [0, 1, -2], "rotation": [20, 0, 0], "uv": [23, 1]},
						{"origin": [-7, 13, 0.5], "size": [1, 2, 1], "inflate": 0.1, "pivot": [3, 0, -2], "rotation": [20, 0, 0], "uv": [23, 1]},
						{"origin": [-8, 22, 0.5], "size": [1, 2, 1], "inflate": 0.1, "pivot": [2, 9, -2], "rotation": [20, 0, 0], "uv": [23, 1]},
						{"origin": [-20, 22, -6.5], "size": [1, 2, 1], "inflate": 0.1, "pivot": [-10, 9, -9], "rotation": [20, 90, 0], "uv": [23, 1]},
						{"origin": [-20, 19, -7.5], "size": [1, 2, 1], "inflate": 0.1, "pivot": [-10, 6, -10], "rotation": [20, 90, 0], "uv": [23, 1]},
						{"origin": [-26, 19, 4.5], "size": [1, 2, 1], "inflate": 0.1, "pivot": [-16, 6, 2], "rotation": [20, 180, 0], "uv": [23, 1]},
						{"origin": [-29, 22, 4.5], "size": [1, 2, 1], "inflate": 0.1, "pivot": [-19, 9, 2], "rotation": [20, 180, 0], "uv": [23, 1]},
						{"origin": [-29, 10, 4.5], "size": [1, 2, 1], "inflate": 0.1, "pivot": [-19, -3, 2], "rotation": [20, 180, 0], "uv": [23, 1]},
						{"origin": [-29, 18, 4.5], "size": [1, 2, 1], "inflate": 0.1, "pivot": [-19, 5, 2], "rotation": [20, 180, 0], "uv": [23, 1]},
						{"origin": [-28, 15, 4.5], "size": [1, 2, 1], "inflate": 0.1, "pivot": [-18, 2, 2], "rotation": [20, 180, 0], "uv": [23, 1]},
						{"origin": [-26, 12, 4.5], "size": [1, 2, 1], "inflate": 0.1, "pivot": [-16, -1, 2], "rotation": [20, 180, 0], "uv": [23, 1]},
						{"origin": [-20, 17, -5.5], "size": [1, 2, 1], "inflate": 0.1, "pivot": [-10, 4, -8], "rotation": [20, 90, 0], "uv": [23, 1]},
						{"origin": [-20, 14, -7.5], "size": [1, 2, 1], "inflate": 0.1, "pivot": [-10, 1, -10], "rotation": [20, 90, 0], "uv": [23, 1]},
						{"origin": [-6.5, 10, 5], "size": [0, 3, 0], "inflate": 0.7, "pivot": [2, -3, 4], "rotation": [40, 0, 0], "uv": [5, 1]},
						{"origin": [-7, 17, 6], "size": [0, 3, 0], "inflate": 0.7, "pivot": [2, 4, 4], "rotation": [40, 0, 0], "uv": [5, 1]},
						{"origin": [-5, 26, 0], "size": [0, 3, 0], "inflate": 0.7, "pivot": [4, 13, -2], "rotation": [0, 0, -40], "uv": [5, 1]},
						{"origin": [-5, 29, 1], "size": [0, 3, 0], "inflate": 0.7, "pivot": [4, 16, -1], "rotation": [0, 0, -40], "uv": [5, 1]},
						{"origin": [-5, 27, 2], "size": [0, 3, 0], "inflate": 0.7, "pivot": [4, 14, 0], "rotation": [0, 0, -40], "uv": [5, 1]},
						{"origin": [-5, 30, -1], "size": [0, 3, 0], "inflate": 0.7, "pivot": [4, 17, -3], "rotation": [0, 0, -40], "uv": [5, 1]},
						{"origin": [-8, 32, -6], "size": [0, 3, 0], "inflate": 0.7, "pivot": [1, 19, -8], "rotation": [-40, 0, -40], "uv": [5, 1]},
						{"origin": [-8, 34, -5], "size": [0, 3, 0], "inflate": 0.7, "pivot": [1, 21, -7], "rotation": [-40, 0, -40], "uv": [5, 1]},
						{"origin": [-8, 28, -5], "size": [0, 3, 0], "inflate": 0.7, "pivot": [1, 15, -7], "rotation": [-40, 0, -40], "uv": [5, 1]},
						{"origin": [-8, 25, -8], "size": [0, 3, 0], "inflate": 0.7, "pivot": [1, 12, -10], "rotation": [-40, 0, -40], "uv": [5, 1]},
						{"origin": [-6, 25, 6], "size": [0, 3, 0], "inflate": 0.7, "pivot": [3, 12, 4], "rotation": [40, 0, -40], "uv": [5, 1]},
						{"origin": [-6, 23, 8], "size": [0, 3, 0], "inflate": 0.7, "pivot": [3, 10, 6], "rotation": [40, 0, -40], "uv": [5, 1]},
						{"origin": [-6, 28, 7], "size": [0, 3, 0], "inflate": 0.7, "pivot": [3, 15, 5], "rotation": [40, 0, -40], "uv": [5, 1]},
						{"origin": [-6, 32, 7], "size": [0, 3, 0], "inflate": 0.7, "pivot": [3, 19, 5], "rotation": [40, 0, -40], "uv": [5, 1]},
						{"origin": [-6.5, 8, -7], "size": [0, 3, 0], "inflate": 1, "pivot": [3, -5, -9], "rotation": [-15, 0, 0], "uv": [13, 24]},
						{"origin": [-6.5, 8, 12], "size": [0, 3, 0], "inflate": 1, "pivot": [3, -5, 8], "rotation": [60, 0, 0], "uv": [11, 17]},
						{"origin": [-10, 16, -3], "size": [4, 3, 6], "inflate": 0.7, "uv": [12, 9]},
						{"origin": [-10, 11, -3], "size": [4, 3, 6], "inflate": 0.7, "uv": [0, 9]}
					]
				},
				{
					"name": "leftArm",
					"pivot": [5, 22, 0],
					"cubes": [
						{"origin": [16.5, 8, -1.8], "size": [1, 4, 1], "pivot": [10, -5, 0], "rotation": [0, 0, -30], "uv": [18, 2]},
						{"origin": [16.5, 8, 0.8], "size": [1, 4, 1], "pivot": [10, -5, 2], "rotation": [0, 0, -30], "uv": [25, 0]},
						{"origin": [1.5, 12, 0.8], "size": [1, 4, 1], "pivot": [-5, -1, 2], "rotation": [0, 0, 30], "uv": [18, 2]},
						{"origin": [1.5, 12, -1.8], "size": [1, 4, 1], "pivot": [-5, -1, 0], "rotation": [0, 0, 30], "uv": [20, 2]},
						{"origin": [13.5, 1.5, -1.8], "size": [1, 4, 1], "pivot": [6, -12, 0], "rotation": [0, 0, -20], "uv": [17, 3]},
						{"origin": [3.5, 5.5, -1.8], "size": [1, 2, 1], "pivot": [-4, -8, 0], "rotation": [0, 0, 20], "uv": [25, 5]},
						{"origin": [3.5, 5.5, 0.8], "size": [1, 2, 1], "pivot": [-4, -8, 3], "rotation": [0, 0, 20], "uv": [25, 5]},
						{"origin": [3.5, 5.5, -0.5], "size": [1, 2, 1], "pivot": [-4, -8, 1], "rotation": [0, 0, 20], "uv": [25, 5]},
						{"origin": [4.5, 2.8, 1], "size": [1, 2, 1], "pivot": [-3, -11, 2], "rotation": [20, 0, 0], "uv": [25, 5]},
						{"origin": [4.5, 3.8, -9.5], "size": [1, 3.5, 1], "pivot": [-3, -11, -8], "rotation": [-20, 0, 0], "uv": [21, 1]},
						{"origin": [4.5, 7.8, 1.4], "size": [1, 4, 1], "pivot": [-3, -6, 4], "rotation": [20, 0, 0], "uv": [18, 2]},
						{"origin": [13.5, 1.5, -0.5], "size": [1, 4, 1], "pivot": [6, -12, 2], "rotation": [0, 0, -20], "uv": [18, 3]},
						{"origin": [13.5, 1.5, 0.8], "size": [1, 4, 1], "pivot": [6, -12, 3], "rotation": [0, 0, -20], "uv": [25, 2]},
						{"origin": [13.5, 1.5, -0.5], "size": [1, 4, 1], "pivot": [6, -12, 2], "rotation": [0, 0, -20], "uv": [18, 3]},
						{"origin": [1.5, 12, -0.5], "size": [1, 4, 1], "pivot": [-5, -1, 1], "rotation": [0, 0, 30], "uv": [22, 2]},
						{"origin": [4.5, 11, -11.2], "size": [1, 4, 1], "pivot": [-2, -2, -10], "rotation": [-30, 0, 0], "uv": [25, 0]},
						{"origin": [16.5, 8, -0.5], "size": [1, 4, 1], "pivot": [10, -5, 1], "rotation": [0, 0, -30], "uv": [24, 2]}
					]
				}
			]
		}
	]
}