{
	"format_version": "1.12.0",
	"minecraft:geometry": [
		{
			"description": {
				"identifier": "geometry.quirk5",
				"texture_width": 64,
				"texture_height": 64,
				"visible_bounds_width": 3,
				"visible_bounds_height": 3,
				"visible_bounds_offset": [0, 0, 0]
			},
			"bones": [
				{
					"name": "head",
					"pivot": [0, 24, 0],
					"cubes": [
						{"origin": [-4, 24, -4], "size": [8, 8, 8], "inflate": 0.1, "uv": [0, 0]},
						{"origin": [-4, 24, -4], "size": [8, 8, 8], "inflate": 1, "uv": [32, 0]},
						{"origin": [-25, 33.5, -4.4], "size": [4, 1, 0], "pivot": [-25, 2, -8], "rotation": [0, 0, 35], "uv": [25, 39]},
						{"origin": [-15, 28.5, -4.4], "size": [4, 1, 0], "pivot": [-15, -3, -8], "rotation": [0, 0, 10], "uv": [25, 39]},
						{"origin": [-41, 50.2, -0.9], "size": [4, 1, 0], "pivot": [-41, 18, -7], "rotation": [0, 35, 60], "uv": [25, 39]},
						{"origin": [40.2, 48, -3.2], "size": [4, 1, 0], "pivot": [40, 16, -9], "rotation": [0, -35, -60], "uv": [25, 39]},
						{"origin": [17, 29.5, -4.4], "size": [4, 1, 0], "pivot": [17, -2, -8], "rotation": [0, 0, -19], "uv": [25, 39]},
						{"origin": [21.8, 31.5, -4.4], "size": [4, 1, 0], "pivot": [22, 0, -8], "rotation": [0, 0, -35], "uv": [25, 39]},
						{"origin": [-1.9, 32, -15.8], "size": [2, 4, 2], "pivot": [2, 4, -11], "rotation": [-25, 0, 0], "uv": [4, 42]},
						{"origin": [-2.9, 31, -17.8], "size": [2, 4, 2], "pivot": [1, 3, -13], "rotation": [-25, 0, 0], "uv": [4, 42]},
						{"origin": [2.1, 31, -17.8], "size": [2, 4, 2], "pivot": [6, 3, -13], "rotation": [-25, 0, 0], "uv": [4, 42]},
						{"origin": [-1.9, 28.5, -11.2], "size": [2, 4, 2], "pivot": [2, 0, -7], "rotation": [-10, 0, 0], "uv": [4, 42]},
						{"origin": [8.1, 32, -11.2], "size": [2, 4, 2], "pivot": [12, 4, -7], "rotation": [-10, 0, -25], "uv": [4, 42]},
						{"origin": [0.3, 28.5, -11.2], "size": [2, 4, 2], "pivot": [4, 0, -7], "rotation": [-10, 0, 0], "uv": [4, 42]},
						{"origin": [-9.7, 29.5, -11.2], "size": [2, 4, 2], "pivot": [-6, 2, -7], "rotation": [-10, 0, 25], "uv": [4, 42]},
						{"origin": [-1.2, 32.3, -0.5], "size": [2, 4, 2], "pivot": [3, 4, 5], "rotation": [5, -20, -10], "uv": [4, 42]},
						{"origin": [3.8, 31, -10.2], "size": [2, 4, 2], "pivot": [8, 3, -6], "rotation": [-15, -25, -15], "uv": [4, 42]},
						{"origin": [-6.2, 29.5, -12.2], "size": [2, 4, 2], "pivot": [-2, 1, -8], "rotation": [-15, 25, 15], "uv": [4, 42]},
						{"origin": [-13.2, 30.5, -12.2], "size": [2, 4, 2], "pivot": [-9, 2, -8], "rotation": [-15, 25, 30], "uv": [4, 42]},
						{"origin": [-13.2, 30.5, -10.2], "size": [2, 4, 2], "pivot": [-9, 2, -6], "rotation": [-15, 25, 30], "uv": [4, 42]},
						{"origin": [-13.2, 30.5, -8.2], "size": [2, 4, 2], "pivot": [-9, 2, -4], "rotation": [-15, 25, 30], "uv": [4, 42]},
						{"origin": [-13.2, 30.5, -6.2], "size": [2, 4, 2], "pivot": [-9, 2, -2], "rotation": [-15, 25, 30], "uv": [4, 42]},
						{"origin": [-6.2, 29.5, -10.2], "size": [2, 4, 2], "pivot": [-2, 1, -6], "rotation": [-15, 25, 15], "uv": [4, 42]},
						{"origin": [-6.5, 29.5, -7.7], "size": [2, 4, 2], "pivot": [-2, 1, -3], "rotation": [-15, 25, 15], "uv": [4, 42]},
						{"origin": [-6.5, 30.5, -5.7], "size": [2, 4, 2], "pivot": [-2, 2, -1], "rotation": [-15, 25, 15], "uv": [4, 42]},
						{"origin": [3.8, 32, -7.2], "size": [2, 4, 2], "pivot": [8, 4, -3], "rotation": [-15, -25, -15], "uv": [4, 42]},
						{"origin": [3.8, 32, -5.2], "size": [2, 4, 2], "pivot": [8, 4, -1], "rotation": [-15, -25, -15], "uv": [4, 42]},
						{"origin": [3.8, 32, -3.2], "size": [2, 4, 2], "pivot": [8, 4, 1], "rotation": [-15, -25, -15], "uv": [4, 42]},
						{"origin": [9.8, 33, -3.2], "size": [2, 4, 2], "pivot": [14, 5, 1], "rotation": [-15, -25, -30], "uv": [4, 42]},
						{"origin": [9.8, 33, -5.2], "size": [2, 4, 2], "pivot": [14, 5, -1], "rotation": [-15, -25, -30], "uv": [4, 42]},
						{"origin": [9.8, 33, -7.2], "size": [2, 4, 2], "pivot": [14, 5, -3], "rotation": [-15, -25, -30], "uv": [4, 42]},
						{"origin": [9.8, 33, -9.2], "size": [2, 4, 2], "pivot": [14, 5, -5], "rotation": [-15, -25, -30], "uv": [4, 42]},
						{"origin": [-0.9, 32, -12.2], "size": [2, 4, 2], "pivot": [3, 4, -8], "rotation": [-25, -20, 0], "uv": [4, 42]},
						{"origin": [-0.9, 32, -9.7], "size": [2, 4, 2], "pivot": [3, 4, -6], "rotation": [-25, -20, 0], "uv": [4, 42]},
						{"origin": [3.1, 40, -17.7], "size": [2, 4, 2], "pivot": [7, 12, -14], "rotation": [-50, -20, 0], "uv": [4, 42]},
						{"origin": [3.1, 38, -18.7], "size": [2, 4, 2], "pivot": [7, 9, -15], "rotation": [-50, -20, 0], "uv": [4, 42]},
						{"origin": [2.6, 35.2, -17.7], "size": [2, 4, 2], "pivot": [7, 7, -14], "rotation": [-50, -20, 0], "uv": [4, 42]},
						{"origin": [5.6, 35.2, -17.7], "size": [2, 4, 2], "pivot": [10, 7, -14], "rotation": [-50, -20, 0], "uv": [4, 42]},
						{"origin": [5, 36.5, -18.2], "size": [2, 4, 2], "pivot": [8, 9, -14], "rotation": [-50, -20, 0], "uv": [4, 42]},
						{"origin": [5, 39, -18.2], "size": [2, 4, 2], "pivot": [8, 11, -14], "rotation": [-50, -20, 0], "uv": [4, 42]},
						{"origin": [1.1, 32, -12.2], "size": [2, 4, 2], "pivot": [5, 4, -8], "rotation": [-25, -20, 0], "uv": [4, 42]},
						{"origin": [1.1, 32, -9.5], "size": [2, 4, 2], "pivot": [5, 4, -5], "rotation": [-25, -20, 0], "uv": [4, 42]},
						{"origin": [0.1, 32, -11.2], "size": [2, 4, 2], "pivot": [4, 4, -7], "rotation": [-25, -20, 0], "uv": [4, 42]},
						{"origin": [0.3, 32.5, -15.8], "size": [2, 4, 2], "pivot": [4, 4, -12], "rotation": [-25, 0, 0], "uv": [4, 42]},
						{"origin": [-1, 31, -3], "size": [2, 4, 2], "pivot": [5, 4, 2], "rotation": [5, 20, 10], "uv": [4, 42]},
						{"origin": [-1.5, 32.7, -14], "size": [2, 4, 2], "pivot": [2, 5, -11], "rotation": [-25, 20, 0], "uv": [4, 42]},
						{"origin": [-1.5, 32.7, -12], "size": [2, 4, 2], "pivot": [2, 5, -9], "rotation": [-25, 20, 0], "uv": [4, 42]},
						{"origin": [-3.5, 32.7, -14], "size": [2, 4, 2], "pivot": [0, 5, -11], "rotation": [-25, 20, 0], "uv": [4, 42]},
						{"origin": [-4.5, 32.7, -12], "size": [2, 4, 2], "pivot": [-1, 5, -9], "rotation": [-25, 20, 0], "uv": [4, 42]},
						{"origin": [-3.5, 32.7, -11], "size": [2, 4, 2], "pivot": [0, 5, -8], "rotation": [-25, 20, 0], "uv": [4, 42]},
						{"origin": [-5.5, 35.7, -19], "size": [2, 4, 2], "pivot": [-2, 8, -16], "rotation": [-50, 20, 0], "uv": [4, 42]},
						{"origin": [-5.2, 37.7, -19], "size": [2, 4, 2], "pivot": [-2, 10, -16], "rotation": [-50, 20, 0], "uv": [4, 42]},
						{"origin": [-5.5, 39.7, -19], "size": [2, 4, 2], "pivot": [-2, 12, -16], "rotation": [-50, 20, 0], "uv": [4, 42]},
						{"origin": [-7.5, 39.4, -19], "size": [2, 4, 2], "pivot": [-4, 12, -16], "rotation": [-50, 20, 0], "uv": [4, 42]},
						{"origin": [-7.5, 36.4, -19], "size": [2, 4, 2], "pivot": [-4, 9, -16], "rotation": [-50, 20, 0], "uv": [4, 42]}
					]
				}
			]
		}
	]
}