{
	"format_version": "1.12.0",
	"minecraft:geometry": [
		{
			"description": {
				"identifier": "geometry.quirk7",
				"texture_width": 64,
				"texture_height": 64,
				"visible_bounds_width": 3,
				"visible_bounds_height": 3,
				"visible_bounds_offset": [0, 0, 0]
			},
			"bones": [
				{
					"name": "body",
					"pivot": [0, 24, 0],
					"cubes": [
						{"origin": [-4, 12, -2], "size": [3, 5, 4], "inflate": 0.1, "uv": [16, 16]},
						{"origin": [-4, 17, -2], "size": [4, 2, 4], "inflate": 0.1, "uv": [16, 16]},
						{"origin": [-4, 19, -2], "size": [5, 5, 4], "inflate": 0.1, "uv": [16, 16]},
						{"origin": [3, 0, -1], "size": [15, 36, 1], "uv": [38, 11]}
					]
				},
				{
					"name": "head",
					"pivot": [0, 24, 0],
					"cubes": [
						{"origin": [-4, 24, -4], "size": [4, 8, 8], "inflate": 0.1, "uv": [0, 0]},
						{"origin": [-3, 26.8, -4.2], "size": [2, 2, 0], "inflate": 0.1, "uv": [0, 0]}
					]
				},
				{
					"name": "rightArm",
					"pivot": [-5, 22, 0],
					"cubes": [
						{"origin": [-8, 12, -2], "size": [4, 12, 4], "inflate": 0.1, "uv": [32, 48]}
					]
				},
				{
					"name": "leftArm",
					"pivot": [5, 22, 0]
				},
				{
					"name": "rightLeg",
					"pivot": [-1.9, 12, 0],
					"cubes": [
						{"origin": [-4, 4, -2], "size": [2, 3, 4], "inflate": 0.1, "uv": [16, 48]},
						{"origin": [-4, 7, -2], "size": [3, 5, 4], "inflate": 0.1, "uv": [16, 48]}
					]
				},
				{
					"name": "leftLeg",
					"pivot": [1.9, 12, 0]
				}
			]
		}
	]
}