{
	"format_version": "1.12.0",
	"minecraft:geometry": [
		{
			"description": {
				"identifier": "geometry.quirk4",
				"texture_width": 64,
				"texture_height": 64,
				"visible_bounds_width": 3,
				"visible_bounds_height": 3,
				"visible_bounds_offset": [0, 0, 0]
			},
			"bones": [
				{
					"name": "body",
					"pivot": [0, 24, 0],
					"cubes": [
						{"origin": [-5, 16, -3], "size": [10, 12, 4], "inflate": 1, "uv": [15, 16]},
						{"origin": [-5, 17, -3], "size": [10, 11, 0], "inflate": 1.5, "uv": [19, 37]},
						{"origin": [1.8, 24.7, -4], "size": [2.5, 3, 0], "inflate": 1.5, "uv": [26, 37]},
						{"origin": [-4.2, 24.7, -4], "size": [2.5, 3, 0], "inflate": 1.5, "uv": [20, 37]},
						{"origin": [-5, 17, 1], "size": [10, 11, 0], "inflate": 1.5, "uv": [21, 37]}
					]
				},
				{
					"name": "head",
					"pivot": [0, 24, 0],
					"cubes": [
						{"origin": [-4, 30, -5], "size": [8, 8, 8], "uv": [0, 0]},
						{"origin": [-4, 30, -9], "size": [8, 5, 4], "uv": [4, 7]},
						{"origin": [-4, 30, -5], "size": [8, 8, 8], "inflate": 0.5, "uv": [32, 0]},
						{"origin": [-4, 30, -9], "size": [8, 4.9, 3], "inflate": 0.2, "uv": [36, 9]},
						{"origin": [-4, 35, -8.5], "size": [8, 0, 3], "inflate": 0.3, "uv": [12, 27]},
						{"origin": [-4, 29.8, -9], "size": [8, 0, 3], "inflate": 0.1, "uv": [1, 53]}
					]
				},
				{
					"name": "rightArm",
					"pivot": [-5, 22, 0],
					"cubes": [
						{"origin": [-13, 23, -1], "size": [6, 6, 4], "inflate": 0.2, "pivot": [-3, 5, 1], "rotation": [5, 0, 0], "uv": [44, 20]},
						{"origin": [-12.5, 24, -2], "size": [5, 5, 6], "pivot": [-4, 6, 2], "rotation": [5, 0, 0], "uv": [42, 20]},
						{"origin": [-13.5, 24, -1], "size": [7, 5, 4], "pivot": [-3, 6, 3], "rotation": [5, 0, 0], "uv": [42, 20]},
						{"origin": [-12.5, 28.5, -1], "size": [5, 2, 4], "pivot": [-4, 8, 3], "rotation": [5, 0, 0], "uv": [17, 25]},
						{"origin": [-13, 17, -7], "size": [6, 6, 4], "inflate": 0.2, "pivot": [-3, -1, -5], "rotation": [-10, 0, 0], "uv": [26, 20]},
						{"origin": [-12.5, 18, -8], "size": [5, 5, 6], "pivot": [-3, -1, -6], "rotation": [-10, 0, 0], "uv": [10, 20]},
						{"origin": [-13.5, 18, -7], "size": [7, 5, 4], "pivot": [-2, -1, -5], "rotation": [-10, 0, 0], "uv": [12, 22]},
						{"origin": [-13, 16, -16], "size": [6, 4, 4], "inflate": 0.2, "pivot": [-3, -4, -14], "rotation": [-30, 0, 0], "uv": [30, 56]}
					]
				},
				{
					"name": "leftArm",
					"pivot": [5, 22, 0],
					"cubes": [
						{"origin": [7, 23, -1], "size": [6, 6, 4], "inflate": 0.2, "pivot": [5, 11, 0], "rotation": [5, 0, 0], "uv": [38, 52]},
						{"origin": [7.5, 28.5, -1], "size": [5, 2, 4], "pivot": [5, 17, 0], "rotation": [5, 0, 0], "uv": [40, 16]},
						{"origin": [7.5, 24, -2], "size": [5, 5, 6], "pivot": [5, 12, -1], "rotation": [5, 0, 0], "uv": [24, 20]},
						{"origin": [6.5, 24, -1], "size": [7, 5, 4], "pivot": [6, 12, 0], "rotation": [5, 0, 0], "uv": [24, 20]},
						{"origin": [7, 17, -5], "size": [6, 6, 4], "inflate": 0.2, "pivot": [5, 5, -4], "rotation": [-10, 0, 0], "uv": [38, 16]},
						{"origin": [7.5, 17.5, -6], "size": [5, 5, 6], "pivot": [5, 5, -5], "rotation": [-10, 0, 0], "uv": [10, 20]},
						{"origin": [6.5, 17.5, -5], "size": [7, 5, 4], "pivot": [6, 5, -4], "rotation": [-10, 0, 0], "uv": [12, 22]},
						{"origin": [7, 13.5, -11.5], "size": [6, 4, 4], "inflate": 0.2, "pivot": [5, 1, -7], "rotation": [-30, 0, 0], "uv": [40, 24]}
					]
				},
				{
					"name": "rightLeg",
					"pivot": [-1.9, 12, 0],
					"rotation": [20, -5, 0],
					"cubes": [
						{"origin": [-5.76147, 2.02216, -4.80835], "size": [4, 6, 4], "inflate": 1, "uv": [16, 21]},
						{"origin": [-5.7, 7.36015, -7], "size": [4, 6, 4], "inflate": 1, "pivot": [-1, 1, 0], "rotation": [-20, 0, 0], "uv": [16, 49]},
						{"origin": [-5.7, 8.36015, -7], "size": [4, 6, 4], "inflate": 1.2, "pivot": [-1, 1, 0], "rotation": [-20, 0, 0], "uv": [0, 48]}
					]
				},
				{
					"name": "leftLeg",
					"pivot": [1.9, 12, -3],
					"rotation": [20, 5, 0],
					"cubes": [
						{"origin": [1.84862, 1.42318, -9.18649], "size": [4, 6, 4], "inflate": 1, "uv": [16, 16]},
						{"origin": [2.05728, 7.3602, -10.88478], "size": [4, 6, 4], "inflate": 1.2, "pivot": [-1, 1, -3], "rotation": [-20, 0, 0], "uv": [0, 33]},
						{"origin": [2.05728, 6.3062, -10.98478], "size": [4, 6, 4], "inflate": 1, "pivot": [-1, 1, -3], "rotation": [-20, 0, 0], "uv": [0, 17]}
					]
				}
			]
		}
	]
}