{
  "format_version": "1.10",
  "minecraft:item": {
    "description": {
      "identifier": "itemsquirk:p1",
      "category": "Items"
    },
    "components": {
      "minecraft:hand_equipped": false,
      "minecraft:max_stack_size": 64,
      "minecraft:foil": false,
      "minecraft:stack_by_data": true,
      "minecraft:food": {
        "saturation_modifier": "normal",
        "nutrition": 2,
        "can_always_eat": true,
        "effects": [
          {
            "name": "health_boost",
            "chance": 99999,
            "duration": 60,
            "amplifier": 4
          },
          {
            "name": "instant_health",
            "chance": 99999,
            "duration": 1,
            "amplifier": 8
          }
        ]
      },
      "minecraft:use_duration": 16
    }
  }
}