{
  "format_version": "1.10",
  "minecraft:item": {
    "description": {
      "identifier": "quirk:hardning2",
      "category": "Items"
    },
    "components": {
      "minecraft:hand_equipped": false,
      "minecraft:max_stack_size": 64,
      "minecraft:foil": true,
      "minecraft:stack_by_data": true,
      "minecraft:food": {
        "saturation_modifier": "supernatural",
        "nutrition": 0,
        "can_always_eat": true,
        "effects": [
          {
            "name": "fire_resistance",
            "chance": 99999,
            "duration": 10,
            "amplifier": 1
          },
          {
            "name": "resistance",
            "chance": 99999,
            "duration": 10,
            "amplifier": 4
          },
          {
            "name": "slowness",
            "chance": 99999,
            "duration": 10,
            "amplifier": 1
          },
          {
            "name": "strength",
            "chance": 99999,
            "duration": 10,
            "amplifier": 3
          }
        ]
      },
      "minecraft:use_duration": 1
    }
  }
}