{"format_version":"1.8.0","minecraft:entity":{"description":{"identifier":"minecraft:ender_pearl","is_spawnable":false,"is_summonable":false,"is_experimental":false},"component_groups":{"minecraft:no_spawn":{"minecraft:projectile":{"onHit":{"teleport_owner":{},"remove_on_hit":{}},"power":1.5,"gravity":0.025,"angleoffset":0.0,"inertia":1,"liquid_inertia":1}},"minecraft:exploding":{"minecraft:explode":{"fuseLength":0,"fuseLit":true,"power":1,"causesFire":true,"fireAffectedByGriefing":true,"destroyAffectedByGriefing":true}}},"components":{"minecraft:collision_box":{"width":0.25,"height":0.25},"minecraft:projectile":{"onHit":{"impact_damage":{"damage":[1,4],"knockback":true,"semi_random_diff_damage":false,"destroy_on_hit":true},"stick_in_ground":{"shake_time":0.35},"arrow_effect":{},"teleport_owner":{}},"power":1.5,"gravity":0.025,"angleoffset":0.0,"inertia":1,"liquid_inertia":1},"minecraft:physics":{}},"events":{"minecraft:entity_spawned":{"sequence":[{"filters":{"test":"is_game_rule","domain":"domobspawning","value":false},"add":{"component_groups":["minecraft:no_spawn"]}}]},"minecraft:explode":{"add":{"component_groups":["minecraft:exploding"]}}}}}