{
  "format_version": "1.10",
  "minecraft:entity": {
    "description": {
      "identifier": "minecraft:player",
      "is_spawnable": false,
      "is_summonable": false,
      "is_experimental": false,
      "scripts": {
        "animate": [
          "walk",
          "quirk:ofa2",
          "quirk:explosion2",
          "quirk:ofa6",
          "quirk:electrification2",
          "quirk:engine1",
          "quirk:electrification1",
          "documento:rewind",
          "documento:darkshadow",
          "documento:engine",
          "quirk:manifest",
          "documento:0gravity",
          "quirk:overhaul",
          "quirk:muscle_augmentation",
          "quirk:ofa4",
          "documento:invisibility",
          "quirk:manifest2",
          "documento:electrification3",
          "documento:hardening",
          "quirk:afo",
          "quirk:half_hot_half_cold2",
          "quirk:gravity0",
          "quirk:half_hot_half_cold",
          "documento:manifest",
          "documento:ofa",
          "documento:nomu",
          "documento:muscle_augmentation",
          "documento:overhaul",
          "quirk:explosion2",
          "quirk:ofa1",
          "documento:afo",
          "documento:half_hot_half_cold",
          "documento:fierce_wings",
          "documento:decay",
          "documento:explosion",
          "quirk:half_hot_half_cold4",
          "quirk:nomu",
          "quirk:overhaul2",
          "quirk:overhaul3",
          "quirk:darkshadow1",
          "quirk:explosion3",
          "quirk:half_hot_half_cold3",
          "quirk:ofa2",
          "quirk:ofa3",
          "quirk:electrification4",
          "documento:allmight",
          "itemsquirk:midoriyasmask",
          "quirk:decay"
        ]
      },
      "animations": {
        "walk": "controller.animation.walk",
        "quirk:ofa2": "controller.animation.quirk_ofa2",
        "quirk:explosion2": "controller.animation.quirk_explosion2",
        "quirk:ofa6": "controller.animation.quirk_ofa6",
        "quirk:electrification2": "controller.animation.quirk_electrification2",
        "quirk:engine1": "controller.animation.quirk_engine1",
        "quirk:electrification1": "controller.animation.quirk_electrification1",
        "documento:rewind": "controller.animation.documento_rewind",
        "documento:darkshadow": "controller.animation.documento_darkshadow",
        "documento:engine": "controller.animation.documento_engine",
        "quirk:manifest": "controller.animation.quirk_manifest",
        "documento:0gravity": "controller.animation.documento_0gravity",
        "quirk:overhaul": "controller.animation.quirk_overhaul",
        "quirk:muscle_augmentation": "controller.animation.quirk_muscle_augmentation",
        "quirk:ofa4": "controller.animation.quirk_ofa4",
        "documento:invisibility": "controller.animation.documento_invisibility",
        "quirk:manifest2": "controller.animation.quirk_manifest2",
        "documento:electrification3": "controller.animation.documento_electrification3",
        "documento:hardening": "controller.animation.documento_hardening",
        "quirk:afo": "controller.animation.quirk_afo",
        "quirk:half_hot_half_cold2": "controller.animation.quirk_half_hot_half_cold2",
        "quirk:gravity0": "controller.animation.quirk_gravity0",
        "quirk:half_hot_half_cold": "controller.animation.quirk_half_hot_half_cold",
        "documento:manifest": "controller.animation.documento_manifest",
        "documento:ofa": "controller.animation.documento_ofa",
        "documento:nomu": "controller.animation.documento_nomu",
        "documento:muscle_augmentation": "controller.animation.documento_muscle_augmentation",
        "documento:overhaul": "controller.animation.documento_overhaul",
        "quirk:ofa1": "controller.animation.quirk_ofa1",
        "documento:afo": "controller.animation.documento_afo",
        "documento:half_hot_half_cold": "controller.animation.documento_half_hot_half_cold",
        "documento:fierce_wings": "controller.animation.documento_fierce_wings",
        "documento:decay": "controller.animation.documento_decay",
        "documento:explosion": "controller.animation.documento_explosion",
        "quirk:half_hot_half_cold4": "controller.animation.quirk_half_hot_half_cold4",
        "quirk:nomu": "controller.animation.quirk_nomu",
        "quirk:overhaul2": "controller.animation.quirk_overhaul2",
        "quirk:overhaul3": "controller.animation.quirk_overhaul3",
        "quirk:darkshadow1": "controller.animation.quirk_darkshadow1",
        "quirk:explosion3": "controller.animation.quirk_explosion3",
        "quirk:half_hot_half_cold3": "controller.animation.quirk_half_hot_half_cold3",
        "quirk:ofa3": "controller.animation.quirk_ofa3",
        "quirk:electrification4": "controller.animation.quirk_electrification4",
        "documento:allmight": "controller.animation.documento_allmight",
        "itemsquirk:midoriyasmask": "controller.animation.itemsquirk_midoriyasmask",
        "quirk:decay": "controller.animation.quirk_decay"
      }
    },
    "component_groups": {
      "pamobile:respawn": {
        "minecraft:mark_variant": {
          "value": 99999
        },
        "minecraft:health": {
          "value": 20,
          "max": 20
        },
        "minecraft:movement": {
          "value": 0.1
        },
        "minecraft:attack": {
          "damage": 1
        },
        "minecraft:spell_effects": {
          "remove_effects": []
        }
      },
      "ammo:1": {
        "minecraft:mark_variant": {
          "value": 1
        }
      },
      "quirk:ofa2_fire": {
        "minecraft:spawn_entity": [
          {
            "min_wait_time": 0,
            "max_wait_time": 0,
            "single_use": true,
            "spawn_entity": "quirk:ofa2",
            "num_to_spawn": 1
          }
        ]
      },
      "quirk:explosion2_fire": {
        "minecraft:spawn_entity": [
          {
            "min_wait_time": 0,
            "max_wait_time": 0,
            "single_use": true,
            "spawn_entity": "quirk:explosion2",
            "num_to_spawn": 1
          }
        ]
      },
      "quirk:ofa6_fire": {
        "minecraft:spawn_entity": [
          {
            "min_wait_time": 0,
            "max_wait_time": 0,
            "single_use": true,
            "spawn_entity": "quirk:ofa6",
            "num_to_spawn": 1
          }
        ]
      },
      "quirk:electrification2_fire": {
        "minecraft:spawn_entity": [
          {
            "min_wait_time": 0,
            "max_wait_time": 0,
            "single_use": true,
            "spawn_entity": "quirk:electrification2",
            "num_to_spawn": 1
          }
        ]
      },
      "quirk:engine1_event_hold": {
        "minecraft:is_chested": {}
      },
      "quirk:engine1_event_play": {
        "minecraft:health": {
          "value": 22,
          "max": 22
        },
        "minecraft:movement": {
          "value": 0.1
        },
        "minecraft:spell_effects": {
          "add_effects": []
        }
      },
      "quirk:electrification1_event_hold": {
        "minecraft:is_chested": {}
      },
      "quirk:electrification1_event_play": {
        "minecraft:health": {
          "value": 22,
          "max": 22
        },
        "minecraft:movement": {
          "value": 0.1
        },
        "minecraft:spell_effects": {
          "add_effects": []
        }
      },
      "documento:rewind_event_hold": {
        "minecraft:is_chested": {}
      },
      "documento:rewind_event_play": {
        "minecraft:health": {
          "value": 22,
          "max": 22
        },
        "minecraft:movement": {
          "value": 0.1
        },
        "minecraft:spell_effects": {
          "add_effects": []
        }
      },
      "documento:darkshadow_event_hold": {
        "minecraft:is_chested": {}
      },
      "documento:darkshadow_event_play": {
        "minecraft:health": {
          "value": 22,
          "max": 22
        },
        "minecraft:movement": {
          "value": 0.1
        },
        "minecraft:spell_effects": {
          "add_effects": []
        }
      },
      "documento:engine_event_hold": {
        "minecraft:is_chested": {}
      },
      "documento:engine_event_play": {
        "minecraft:health": {
          "value": 22,
          "max": 22
        },
        "minecraft:movement": {
          "value": 0.1
        },
        "minecraft:spell_effects": {
          "add_effects": []
        }
      },
      "quirk:manifest_event_hold": {
        "minecraft:is_chested": {}
      },
      "quirk:manifest_event_play": {
        "minecraft:health": {
          "value": 22,
          "max": 22
        },
        "minecraft:movement": {
          "value": 0.1
        },
        "minecraft:spell_effects": {
          "add_effects": []
        }
      },
      "documento:0gravity_event_hold": {
        "minecraft:is_chested": {}
      },
      "documento:0gravity_event_play": {
        "minecraft:health": {
          "value": 22,
          "max": 22
        },
        "minecraft:movement": {
          "value": 0.1
        },
        "minecraft:spell_effects": {
          "add_effects": []
        }
      },
      "quirk:overhaul_event_hold": {
        "minecraft:is_chested": {}
      },
      "quirk:overhaul_event_play": {
        "minecraft:health": {
          "value": 22,
          "max": 22
        },
        "minecraft:movement": {
          "value": 0.1
        },
        "minecraft:spell_effects": {
          "add_effects": []
        }
      },
      "quirk:muscle_augmentation_event_hold": {
        "minecraft:is_chested": {}
      },
      "quirk:muscle_augmentation_event_play": {
        "minecraft:health": {
          "value": 22,
          "max": 22
        },
        "minecraft:movement": {
          "value": 0.1
        },
        "minecraft:spell_effects": {
          "add_effects": []
        }
      },
      "quirk:ofa4_event_hold": {
        "minecraft:is_chested": {}
      },
      "quirk:ofa4_event_play": {
        "minecraft:health": {
          "value": 22,
          "max": 22
        },
        "minecraft:movement": {
          "value": 0.1
        },
        "minecraft:spell_effects": {
          "add_effects": []
        }
      },
      "documento:invisibility_event_hold": {
        "minecraft:is_chested": {}
      },
      "documento:invisibility_event_play": {
        "minecraft:health": {
          "value": 22,
          "max": 22
        },
        "minecraft:movement": {
          "value": 0.1
        },
        "minecraft:spell_effects": {
          "add_effects": []
        }
      },
      "quirk:manifest2_event_hold": {
        "minecraft:is_chested": {}
      },
      "quirk:manifest2_event_play": {
        "minecraft:health": {
          "value": 22,
          "max": 22
        },
        "minecraft:movement": {
          "value": 0.1
        },
        "minecraft:spell_effects": {
          "add_effects": []
        }
      },
      "documento:electrification3_event_hold": {
        "minecraft:is_chested": {}
      },
      "documento:electrification3_event_play": {
        "minecraft:health": {
          "value": 22,
          "max": 22
        },
        "minecraft:movement": {
          "value": 0.1
        },
        "minecraft:spell_effects": {
          "add_effects": []
        }
      },
      "documento:hardening_event_hold": {
        "minecraft:is_chested": {}
      },
      "documento:hardening_event_play": {
        "minecraft:health": {
          "value": 22,
          "max": 22
        },
        "minecraft:movement": {
          "value": 0.1
        },
        "minecraft:spell_effects": {
          "add_effects": []
        }
      },
      "quirk:afo_event_hold": {
        "minecraft:is_chested": {}
      },
      "quirk:afo_event_play": {
        "minecraft:health": {
          "value": 22,
          "max": 22
        },
        "minecraft:movement": {
          "value": 0.1
        },
        "minecraft:spell_effects": {
          "add_effects": []
        }
      },
      "quirk:half_hot_half_cold2_event_hold": {
        "minecraft:is_chested": {}
      },
      "quirk:half_hot_half_cold2_event_play": {
        "minecraft:health": {
          "value": 22,
          "max": 22
        },
        "minecraft:movement": {
          "value": 0.1
        },
        "minecraft:spell_effects": {
          "add_effects": []
        }
      },
      "quirk:gravity0_event_hold": {
        "minecraft:is_chested": {}
      },
      "quirk:gravity0_event_play": {
        "minecraft:health": {
          "value": 22,
          "max": 22
        },
        "minecraft:movement": {
          "value": 0.1
        },
        "minecraft:spell_effects": {
          "add_effects": []
        }
      },
      "quirk:half_hot_half_cold_event_hold": {
        "minecraft:is_chested": {}
      },
      "quirk:half_hot_half_cold_event_play": {
        "minecraft:health": {
          "value": 22,
          "max": 22
        },
        "minecraft:movement": {
          "value": 0.1
        },
        "minecraft:spell_effects": {
          "add_effects": []
        }
      },
      "documento:manifest_event_hold": {
        "minecraft:is_chested": {}
      },
      "documento:manifest_event_play": {
        "minecraft:health": {
          "value": 22,
          "max": 22
        },
        "minecraft:movement": {
          "value": 0.1
        },
        "minecraft:spell_effects": {
          "add_effects": []
        }
      },
      "documento:ofa_event_hold": {
        "minecraft:is_chested": {}
      },
      "documento:ofa_event_play": {
        "minecraft:health": {
          "value": 22,
          "max": 22
        },
        "minecraft:movement": {
          "value": 0.1
        },
        "minecraft:spell_effects": {
          "add_effects": []
        }
      },
      "documento:nomu_event_hold": {
        "minecraft:is_chested": {}
      },
      "documento:nomu_event_play": {
        "minecraft:health": {
          "value": 22,
          "max": 22
        },
        "minecraft:movement": {
          "value": 0.1
        },
        "minecraft:spell_effects": {
          "add_effects": []
        }
      },
      "documento:muscle_augmentation_event_hold": {
        "minecraft:is_chested": {}
      },
      "documento:muscle_augmentation_event_play": {
        "minecraft:health": {
          "value": 22,
          "max": 22
        },
        "minecraft:movement": {
          "value": 0.1
        },
        "minecraft:spell_effects": {
          "add_effects": []
        }
      },
      "documento:overhaul_event_hold": {
        "minecraft:is_chested": {}
      },
      "documento:overhaul_event_play": {
        "minecraft:health": {
          "value": 22,
          "max": 22
        },
        "minecraft:movement": {
          "value": 0.1
        },
        "minecraft:spell_effects": {
          "add_effects": []
        }
      },
      "quirk:explosion2_event_hold": {
        "minecraft:is_chested": {}
      },
      "quirk:explosion2_event_play": {
        "minecraft:health": {
          "value": 22,
          "max": 22
        },
        "minecraft:movement": {
          "value": 0.1
        },
        "minecraft:spell_effects": {
          "add_effects": []
        }
      },
      "quirk:ofa1_event_hold": {
        "minecraft:is_chested": {}
      },
      "quirk:ofa1_event_play": {
        "minecraft:health": {
          "value": 22,
          "max": 22
        },
        "minecraft:movement": {
          "value": 0.1
        },
        "minecraft:spell_effects": {
          "add_effects": []
        }
      },
      "documento:afo_event_hold": {
        "minecraft:is_chested": {}
      },
      "documento:afo_event_play": {
        "minecraft:health": {
          "value": 22,
          "max": 22
        },
        "minecraft:movement": {
          "value": 0.1
        },
        "minecraft:spell_effects": {
          "add_effects": []
        }
      },
      "documento:half_hot_half_cold_event_hold": {
        "minecraft:is_chested": {}
      },
      "documento:half_hot_half_cold_event_play": {
        "minecraft:health": {
          "value": 22,
          "max": 22
        },
        "minecraft:movement": {
          "value": 0.1
        },
        "minecraft:spell_effects": {
          "add_effects": []
        }
      },
      "documento:fierce_wings_event_hold": {
        "minecraft:is_chested": {}
      },
      "documento:fierce_wings_event_play": {
        "minecraft:health": {
          "value": 22,
          "max": 22
        },
        "minecraft:movement": {
          "value": 0.1
        },
        "minecraft:spell_effects": {
          "add_effects": []
        }
      },
      "documento:decay_event_hold": {
        "minecraft:is_chested": {}
      },
      "documento:decay_event_play": {
        "minecraft:health": {
          "value": 22,
          "max": 22
        },
        "minecraft:movement": {
          "value": 0.1
        },
        "minecraft:spell_effects": {
          "add_effects": []
        }
      },
      "documento:explosion_event_hold": {
        "minecraft:is_chested": {}
      },
      "documento:explosion_event_play": {
        "minecraft:health": {
          "value": 22,
          "max": 22
        },
        "minecraft:movement": {
          "value": 0.1
        },
        "minecraft:spell_effects": {
          "add_effects": []
        }
      },
      "quirk:half_hot_half_cold4_event_hold": {
        "minecraft:is_chested": {}
      },
      "quirk:half_hot_half_cold4_event_play": {
        "minecraft:health": {
          "value": 22,
          "max": 22
        },
        "minecraft:movement": {
          "value": 0.1
        },
        "minecraft:spell_effects": {
          "add_effects": []
        }
      },
      "quirk:nomu_event_hold": {
        "minecraft:is_chested": {}
      },
      "quirk:nomu_event_play": {
        "minecraft:health": {
          "value": 22,
          "max": 22
        },
        "minecraft:movement": {
          "value": 0.1
        },
        "minecraft:spell_effects": {
          "add_effects": []
        }
      },
      "quirk:overhaul2_event_hold": {
        "minecraft:is_chested": {}
      },
      "quirk:overhaul2_event_play": {
        "minecraft:health": {
          "value": 22,
          "max": 22
        },
        "minecraft:movement": {
          "value": 0.1
        },
        "minecraft:spell_effects": {
          "add_effects": []
        }
      },
      "quirk:overhaul3_event_hold": {
        "minecraft:is_chested": {}
      },
      "quirk:overhaul3_event_play": {
        "minecraft:health": {
          "value": 22,
          "max": 22
        },
        "minecraft:movement": {
          "value": 0.1
        },
        "minecraft:spell_effects": {
          "add_effects": []
        }
      },
      "quirk:darkshadow1_event_hold": {
        "minecraft:is_chested": {}
      },
      "quirk:darkshadow1_event_play": {
        "minecraft:health": {
          "value": 22,
          "max": 22
        },
        "minecraft:movement": {
          "value": 0.1
        },
        "minecraft:spell_effects": {
          "add_effects": []
        }
      },
      "quirk:explosion3_event_hold": {
        "minecraft:is_chested": {}
      },
      "quirk:explosion3_event_play": {
        "minecraft:health": {
          "value": 22,
          "max": 22
        },
        "minecraft:movement": {
          "value": 0.1
        },
        "minecraft:spell_effects": {
          "add_effects": []
        }
      },
      "quirk:half_hot_half_cold3_event_hold": {
        "minecraft:is_chested": {}
      },
      "quirk:half_hot_half_cold3_event_play": {
        "minecraft:health": {
          "value": 22,
          "max": 22
        },
        "minecraft:movement": {
          "value": 0.1
        },
        "minecraft:spell_effects": {
          "add_effects": []
        }
      },
      "quirk:ofa2_event_hold": {
        "minecraft:is_chested": {}
      },
      "quirk:ofa2_event_play": {
        "minecraft:health": {
          "value": 22,
          "max": 22
        },
        "minecraft:movement": {
          "value": 0.1
        },
        "minecraft:spell_effects": {
          "add_effects": []
        }
      },
      "quirk:ofa3_event_hold": {
        "minecraft:is_chested": {}
      },
      "quirk:ofa3_event_play": {
        "minecraft:health": {
          "value": 22,
          "max": 22
        },
        "minecraft:movement": {
          "value": 0.1
        },
        "minecraft:spell_effects": {
          "add_effects": []
        }
      },
      "quirk:electrification4_event_hold": {
        "minecraft:is_chested": {}
      },
      "quirk:electrification4_event_play": {
        "minecraft:health": {
          "value": 22,
          "max": 22
        },
        "minecraft:movement": {
          "value": 0.1
        },
        "minecraft:spell_effects": {
          "add_effects": []
        }
      },
      "documento:allmight_event_hold": {
        "minecraft:is_chested": {}
      },
      "documento:allmight_event_play": {
        "minecraft:health": {
          "value": 22,
          "max": 22
        },
        "minecraft:movement": {
          "value": 0.1
        },
        "minecraft:spell_effects": {
          "add_effects": []
        }
      },
      "itemsquirk:midoriyasmask_event_hold": {
        "minecraft:is_chested": {}
      },
      "itemsquirk:midoriyasmask_event_play": {
        "minecraft:health": {
          "value": 22,
          "max": 22
        },
        "minecraft:movement": {
          "value": 0.1
        },
        "minecraft:spell_effects": {
          "add_effects": []
        }
      },
      "quirk:decay_event_hold": {
        "minecraft:is_chested": {}
      },
      "quirk:decay_event_play": {
        "minecraft:health": {
          "value": 22,
          "max": 22
        },
        "minecraft:movement": {
          "value": 0.1
        },
        "minecraft:spell_effects": {
          "add_effects": []
        }
      }
    },
    "components": {
      "minecraft:type_family": {
        "family": [
          "player"
        ]
      },
      "minecraft:loot": {
        "table": "loot_tables/empty.json"
      },
      "minecraft:collision_box": {
        "width": 0.6,
        "height": 1.8
      },
      "minecraft:can_climb": {},
      "minecraft:movement": {
        "value": 0.1
      },
      "minecraft:environment_sensor": [
        {
          "on_environment": {
            "filters": {
              "any_of": [
                {
                  "test": "is_family",
                  "subject": "self",
                  "value": "player"
                }
              ]
            },
            "event": "pamobile:refresh_player"
          }
        },
        {
          "on_environment": {
            "filters": {
              "all_of": [
                {
                  "test": "has_equipment",
                  "subject": "self",
                  "domain": "hand",
                  "value": "quirk:ofa2"
                },
                {
                  "test": "is_family",
                  "subject": "self",
                  "value": "player"
                }
              ]
            },
            "event": "ammo:1"
          }
        },
        {
          "on_environment": {
            "filters": {
              "all_of": [
                {
                  "test": "has_equipment",
                  "subject": "self",
                  "domain": "hand",
                  "value": "quirk:explosion2"
                },
                {
                  "test": "is_family",
                  "subject": "self",
                  "value": "player"
                }
              ]
            },
            "event": "ammo:1"
          }
        },
        {
          "on_environment": {
            "filters": {
              "all_of": [
                {
                  "test": "has_equipment",
                  "subject": "self",
                  "domain": "hand",
                  "value": "quirk:ofa6"
                },
                {
                  "test": "is_family",
                  "subject": "self",
                  "value": "player"
                }
              ]
            },
            "event": "ammo:1"
          }
        },
        {
          "on_environment": {
            "filters": {
              "all_of": [
                {
                  "test": "has_equipment",
                  "subject": "self",
                  "domain": "hand",
                  "value": "quirk:electrification2"
                },
                {
                  "test": "is_family",
                  "subject": "self",
                  "value": "player"
                }
              ]
            },
            "event": "ammo:1"
          }
        },
        {
          "on_environment": {
            "filters": {
              "all_of": [
                {
                  "test": "has_equipment",
                  "subject": "self",
                  "domain": "hand",
                  "value": "quirk:engine1"
                }
              ]
            },
            "event": "quirk:engine1_event_hold"
          }
        },
        {
          "on_environment": {
            "filters": {
              "all_of": [
                {
                  "test": "has_equipment",
                  "subject": "self",
                  "domain": "head",
                  "value": "quirk:engine1"
                }
              ]
            },
            "event": "quirk:engine1_event_play"
          }
        },
        {
          "on_environment": {
            "filters": {
              "all_of": [
                {
                  "test": "has_equipment",
                  "subject": "self",
                  "domain": "hand",
                  "value": "quirk:electrification1"
                }
              ]
            },
            "event": "quirk:electrification1_event_hold"
          }
        },
        {
          "on_environment": {
            "filters": {
              "all_of": [
                {
                  "test": "has_equipment",
                  "subject": "self",
                  "domain": "head",
                  "value": "quirk:electrification1"
                }
              ]
            },
            "event": "quirk:electrification1_event_play"
          }
        },
        {
          "on_environment": {
            "filters": {
              "all_of": [
                {
                  "test": "has_equipment",
                  "subject": "self",
                  "domain": "hand",
                  "value": "documento:rewind"
                }
              ]
            },
            "event": "documento:rewind_event_hold"
          }
        },
        {
          "on_environment": {
            "filters": {
              "all_of": [
                {
                  "test": "has_equipment",
                  "subject": "self",
                  "domain": "head",
                  "value": "documento:rewind"
                }
              ]
            },
            "event": "documento:rewind_event_play"
          }
        },
        {
          "on_environment": {
            "filters": {
              "all_of": [
                {
                  "test": "has_equipment",
                  "subject": "self",
                  "domain": "hand",
                  "value": "documento:darkshadow"
                }
              ]
            },
            "event": "documento:darkshadow_event_hold"
          }
        },
        {
          "on_environment": {
            "filters": {
              "all_of": [
                {
                  "test": "has_equipment",
                  "subject": "self",
                  "domain": "head",
                  "value": "documento:darkshadow"
                }
              ]
            },
            "event": "documento:darkshadow_event_play"
          }
        },
        {
          "on_environment": {
            "filters": {
              "all_of": [
                {
                  "test": "has_equipment",
                  "subject": "self",
                  "domain": "hand",
                  "value": "documento:engine"
                }
              ]
            },
            "event": "documento:engine_event_hold"
          }
        },
        {
          "on_environment": {
            "filters": {
              "all_of": [
                {
                  "test": "has_equipment",
                  "subject": "self",
                  "domain": "head",
                  "value": "documento:engine"
                }
              ]
            },
            "event": "documento:engine_event_play"
          }
        },
        {
          "on_environment": {
            "filters": {
              "all_of": [
                {
                  "test": "has_equipment",
                  "subject": "self",
                  "domain": "hand",
                  "value": "quirk:manifest"
                }
              ]
            },
            "event": "quirk:manifest_event_hold"
          }
        },
        {
          "on_environment": {
            "filters": {
              "all_of": [
                {
                  "test": "has_equipment",
                  "subject": "self",
                  "domain": "head",
                  "value": "quirk:manifest"
                }
              ]
            },
            "event": "quirk:manifest_event_play"
          }
        },
        {
          "on_environment": {
            "filters": {
              "all_of": [
                {
                  "test": "has_equipment",
                  "subject": "self",
                  "domain": "hand",
                  "value": "documento:0gravity"
                }
              ]
            },
            "event": "documento:0gravity_event_hold"
          }
        },
        {
          "on_environment": {
            "filters": {
              "all_of": [
                {
                  "test": "has_equipment",
                  "subject": "self",
                  "domain": "head",
                  "value": "documento:0gravity"
                }
              ]
            },
            "event": "documento:0gravity_event_play"
          }
        },
        {
          "on_environment": {
            "filters": {
              "all_of": [
                {
                  "test": "has_equipment",
                  "subject": "self",
                  "domain": "hand",
                  "value": "quirk:overhaul"
                }
              ]
            },
            "event": "quirk:overhaul_event_hold"
          }
        },
        {
          "on_environment": {
            "filters": {
              "all_of": [
                {
                  "test": "has_equipment",
                  "subject": "self",
                  "domain": "head",
                  "value": "quirk:overhaul"
                }
              ]
            },
            "event": "quirk:overhaul_event_play"
          }
        },
        {
          "on_environment": {
            "filters": {
              "all_of": [
                {
                  "test": "has_equipment",
                  "subject": "self",
                  "domain": "hand",
                  "value": "quirk:muscle_augmentation"
                }
              ]
            },
            "event": "quirk:muscle_augmentation_event_hold"
          }
        },
        {
          "on_environment": {
            "filters": {
              "all_of": [
                {
                  "test": "has_equipment",
                  "subject": "self",
                  "domain": "head",
                  "value": "quirk:muscle_augmentation"
                }
              ]
            },
            "event": "quirk:muscle_augmentation_event_play"
          }
        },
        {
          "on_environment": {
            "filters": {
              "all_of": [
                {
                  "test": "has_equipment",
                  "subject": "self",
                  "domain": "hand",
                  "value": "quirk:ofa4"
                }
              ]
            },
            "event": "quirk:ofa4_event_hold"
          }
        },
        {
          "on_environment": {
            "filters": {
              "all_of": [
                {
                  "test": "has_equipment",
                  "subject": "self",
                  "domain": "head",
                  "value": "quirk:ofa4"
                }
              ]
            },
            "event": "quirk:ofa4_event_play"
          }
        },
        {
          "on_environment": {
            "filters": {
              "all_of": [
                {
                  "test": "has_equipment",
                  "subject": "self",
                  "domain": "hand",
                  "value": "documento:invisibility"
                }
              ]
            },
            "event": "documento:invisibility_event_hold"
          }
        },
        {
          "on_environment": {
            "filters": {
              "all_of": [
                {
                  "test": "has_equipment",
                  "subject": "self",
                  "domain": "head",
                  "value": "documento:invisibility"
                }
              ]
            },
            "event": "documento:invisibility_event_play"
          }
        },
        {
          "on_environment": {
            "filters": {
              "all_of": [
                {
                  "test": "has_equipment",
                  "subject": "self",
                  "domain": "hand",
                  "value": "quirk:manifest2"
                }
              ]
            },
            "event": "quirk:manifest2_event_hold"
          }
        },
        {
          "on_environment": {
            "filters": {
              "all_of": [
                {
                  "test": "has_equipment",
                  "subject": "self",
                  "domain": "head",
                  "value": "quirk:manifest2"
                }
              ]
            },
            "event": "quirk:manifest2_event_play"
          }
        },
        {
          "on_environment": {
            "filters": {
              "all_of": [
                {
                  "test": "has_equipment",
                  "subject": "self",
                  "domain": "hand",
                  "value": "documento:electrification3"
                }
              ]
            },
            "event": "documento:electrification3_event_hold"
          }
        },
        {
          "on_environment": {
            "filters": {
              "all_of": [
                {
                  "test": "has_equipment",
                  "subject": "self",
                  "domain": "head",
                  "value": "documento:electrification3"
                }
              ]
            },
            "event": "documento:electrification3_event_play"
          }
        },
        {
          "on_environment": {
            "filters": {
              "all_of": [
                {
                  "test": "has_equipment",
                  "subject": "self",
                  "domain": "hand",
                  "value": "documento:hardening"
                }
              ]
            },
            "event": "documento:hardening_event_hold"
          }
        },
        {
          "on_environment": {
            "filters": {
              "all_of": [
                {
                  "test": "has_equipment",
                  "subject": "self",
                  "domain": "head",
                  "value": "documento:hardening"
                }
              ]
            },
            "event": "documento:hardening_event_play"
          }
        },
        {
          "on_environment": {
            "filters": {
              "all_of": [
                {
                  "test": "has_equipment",
                  "subject": "self",
                  "domain": "hand",
                  "value": "quirk:afo"
                }
              ]
            },
            "event": "quirk:afo_event_hold"
          }
        },
        {
          "on_environment": {
            "filters": {
              "all_of": [
                {
                  "test": "has_equipment",
                  "subject": "self",
                  "domain": "head",
                  "value": "quirk:afo"
                }
              ]
            },
            "event": "quirk:afo_event_play"
          }
        },
        {
          "on_environment": {
            "filters": {
              "all_of": [
                {
                  "test": "has_equipment",
                  "subject": "self",
                  "domain": "hand",
                  "value": "quirk:half_hot_half_cold2"
                }
              ]
            },
            "event": "quirk:half_hot_half_cold2_event_hold"
          }
        },
        {
          "on_environment": {
            "filters": {
              "all_of": [
                {
                  "test": "has_equipment",
                  "subject": "self",
                  "domain": "head",
                  "value": "quirk:half_hot_half_cold2"
                }
              ]
            },
            "event": "quirk:half_hot_half_cold2_event_play"
          }
        },
        {
          "on_environment": {
            "filters": {
              "all_of": [
                {
                  "test": "has_equipment",
                  "subject": "self",
                  "domain": "hand",
                  "value": "quirk:gravity0"
                }
              ]
            },
            "event": "quirk:gravity0_event_hold"
          }
        },
        {
          "on_environment": {
            "filters": {
              "all_of": [
                {
                  "test": "has_equipment",
                  "subject": "self",
                  "domain": "head",
                  "value": "quirk:gravity0"
                }
              ]
            },
            "event": "quirk:gravity0_event_play"
          }
        },
        {
          "on_environment": {
            "filters": {
              "all_of": [
                {
                  "test": "has_equipment",
                  "subject": "self",
                  "domain": "hand",
                  "value": "quirk:half_hot_half_cold"
                }
              ]
            },
            "event": "quirk:half_hot_half_cold_event_hold"
          }
        },
        {
          "on_environment": {
            "filters": {
              "all_of": [
                {
                  "test": "has_equipment",
                  "subject": "self",
                  "domain": "head",
                  "value": "quirk:half_hot_half_cold"
                }
              ]
            },
            "event": "quirk:half_hot_half_cold_event_play"
          }
        },
        {
          "on_environment": {
            "filters": {
              "all_of": [
                {
                  "test": "has_equipment",
                  "subject": "self",
                  "domain": "hand",
                  "value": "documento:manifest"
                }
              ]
            },
            "event": "documento:manifest_event_hold"
          }
        },
        {
          "on_environment": {
            "filters": {
              "all_of": [
                {
                  "test": "has_equipment",
                  "subject": "self",
                  "domain": "head",
                  "value": "documento:manifest"
                }
              ]
            },
            "event": "documento:manifest_event_play"
          }
        },
        {
          "on_environment": {
            "filters": {
              "all_of": [
                {
                  "test": "has_equipment",
                  "subject": "self",
                  "domain": "hand",
                  "value": "documento:ofa"
                }
              ]
            },
            "event": "documento:ofa_event_hold"
          }
        },
        {
          "on_environment": {
            "filters": {
              "all_of": [
                {
                  "test": "has_equipment",
                  "subject": "self",
                  "domain": "head",
                  "value": "documento:ofa"
                }
              ]
            },
            "event": "documento:ofa_event_play"
          }
        },
        {
          "on_environment": {
            "filters": {
              "all_of": [
                {
                  "test": "has_equipment",
                  "subject": "self",
                  "domain": "hand",
                  "value": "documento:nomu"
                }
              ]
            },
            "event": "documento:nomu_event_hold"
          }
        },
        {
          "on_environment": {
            "filters": {
              "all_of": [
                {
                  "test": "has_equipment",
                  "subject": "self",
                  "domain": "head",
                  "value": "documento:nomu"
                }
              ]
            },
            "event": "documento:nomu_event_play"
          }
        },
        {
          "on_environment": {
            "filters": {
              "all_of": [
                {
                  "test": "has_equipment",
                  "subject": "self",
                  "domain": "hand",
                  "value": "documento:muscle_augmentation"
                }
              ]
            },
            "event": "documento:muscle_augmentation_event_hold"
          }
        },
        {
          "on_environment": {
            "filters": {
              "all_of": [
                {
                  "test": "has_equipment",
                  "subject": "self",
                  "domain": "head",
                  "value": "documento:muscle_augmentation"
                }
              ]
            },
            "event": "documento:muscle_augmentation_event_play"
          }
        },
        {
          "on_environment": {
            "filters": {
              "all_of": [
                {
                  "test": "has_equipment",
                  "subject": "self",
                  "domain": "hand",
                  "value": "documento:overhaul"
                }
              ]
            },
            "event": "documento:overhaul_event_hold"
          }
        },
        {
          "on_environment": {
            "filters": {
              "all_of": [
                {
                  "test": "has_equipment",
                  "subject": "self",
                  "domain": "head",
                  "value": "documento:overhaul"
                }
              ]
            },
            "event": "documento:overhaul_event_play"
          }
        },
        {
          "on_environment": {
            "filters": {
              "all_of": [
                {
                  "test": "has_equipment",
                  "subject": "self",
                  "domain": "hand",
                  "value": "quirk:explosion2"
                }
              ]
            },
            "event": "quirk:explosion2_event_hold"
          }
        },
        {
          "on_environment": {
            "filters": {
              "all_of": [
                {
                  "test": "has_equipment",
                  "subject": "self",
                  "domain": "head",
                  "value": "quirk:explosion2"
                }
              ]
            },
            "event": "quirk:explosion2_event_play"
          }
        },
        {
          "on_environment": {
            "filters": {
              "all_of": [
                {
                  "test": "has_equipment",
                  "subject": "self",
                  "domain": "hand",
                  "value": "quirk:ofa1"
                }
              ]
            },
            "event": "quirk:ofa1_event_hold"
          }
        },
        {
          "on_environment": {
            "filters": {
              "all_of": [
                {
                  "test": "has_equipment",
                  "subject": "self",
                  "domain": "head",
                  "value": "quirk:ofa1"
                }
              ]
            },
            "event": "quirk:ofa1_event_play"
          }
        },
        {
          "on_environment": {
            "filters": {
              "all_of": [
                {
                  "test": "has_equipment",
                  "subject": "self",
                  "domain": "hand",
                  "value": "documento:afo"
                }
              ]
            },
            "event": "documento:afo_event_hold"
          }
        },
        {
          "on_environment": {
            "filters": {
              "all_of": [
                {
                  "test": "has_equipment",
                  "subject": "self",
                  "domain": "head",
                  "value": "documento:afo"
                }
              ]
            },
            "event": "documento:afo_event_play"
          }
        },
        {
          "on_environment": {
            "filters": {
              "all_of": [
                {
                  "test": "has_equipment",
                  "subject": "self",
                  "domain": "hand",
                  "value": "documento:half_hot_half_cold"
                }
              ]
            },
            "event": "documento:half_hot_half_cold_event_hold"
          }
        },
        {
          "on_environment": {
            "filters": {
              "all_of": [
                {
                  "test": "has_equipment",
                  "subject": "self",
                  "domain": "head",
                  "value": "documento:half_hot_half_cold"
                }
              ]
            },
            "event": "documento:half_hot_half_cold_event_play"
          }
        },
        {
          "on_environment": {
            "filters": {
              "all_of": [
                {
                  "test": "has_equipment",
                  "subject": "self",
                  "domain": "hand",
                  "value": "documento:fierce_wings"
                }
              ]
            },
            "event": "documento:fierce_wings_event_hold"
          }
        },
        {
          "on_environment": {
            "filters": {
              "all_of": [
                {
                  "test": "has_equipment",
                  "subject": "self",
                  "domain": "head",
                  "value": "documento:fierce_wings"
                }
              ]
            },
            "event": "documento:fierce_wings_event_play"
          }
        },
        {
          "on_environment": {
            "filters": {
              "all_of": [
                {
                  "test": "has_equipment",
                  "subject": "self",
                  "domain": "hand",
                  "value": "documento:decay"
                }
              ]
            },
            "event": "documento:decay_event_hold"
          }
        },
        {
          "on_environment": {
            "filters": {
              "all_of": [
                {
                  "test": "has_equipment",
                  "subject": "self",
                  "domain": "head",
                  "value": "documento:decay"
                }
              ]
            },
            "event": "documento:decay_event_play"
          }
        },
        {
          "on_environment": {
            "filters": {
              "all_of": [
                {
                  "test": "has_equipment",
                  "subject": "self",
                  "domain": "hand",
                  "value": "documento:explosion"
                }
              ]
            },
            "event": "documento:explosion_event_hold"
          }
        },
        {
          "on_environment": {
            "filters": {
              "all_of": [
                {
                  "test": "has_equipment",
                  "subject": "self",
                  "domain": "head",
                  "value": "documento:explosion"
                }
              ]
            },
            "event": "documento:explosion_event_play"
          }
        },
        {
          "on_environment": {
            "filters": {
              "all_of": [
                {
                  "test": "has_equipment",
                  "subject": "self",
                  "domain": "hand",
                  "value": "quirk:half_hot_half_cold4"
                }
              ]
            },
            "event": "quirk:half_hot_half_cold4_event_hold"
          }
        },
        {
          "on_environment": {
            "filters": {
              "all_of": [
                {
                  "test": "has_equipment",
                  "subject": "self",
                  "domain": "head",
                  "value": "quirk:half_hot_half_cold4"
                }
              ]
            },
            "event": "quirk:half_hot_half_cold4_event_play"
          }
        },
        {
          "on_environment": {
            "filters": {
              "all_of": [
                {
                  "test": "has_equipment",
                  "subject": "self",
                  "domain": "hand",
                  "value": "quirk:nomu"
                }
              ]
            },
            "event": "quirk:nomu_event_hold"
          }
        },
        {
          "on_environment": {
            "filters": {
              "all_of": [
                {
                  "test": "has_equipment",
                  "subject": "self",
                  "domain": "head",
                  "value": "quirk:nomu"
                }
              ]
            },
            "event": "quirk:nomu_event_play"
          }
        },
        {
          "on_environment": {
            "filters": {
              "all_of": [
                {
                  "test": "has_equipment",
                  "subject": "self",
                  "domain": "hand",
                  "value": "quirk:overhaul2"
                }
              ]
            },
            "event": "quirk:overhaul2_event_hold"
          }
        },
        {
          "on_environment": {
            "filters": {
              "all_of": [
                {
                  "test": "has_equipment",
                  "subject": "self",
                  "domain": "head",
                  "value": "quirk:overhaul2"
                }
              ]
            },
            "event": "quirk:overhaul2_event_play"
          }
        },
        {
          "on_environment": {
            "filters": {
              "all_of": [
                {
                  "test": "has_equipment",
                  "subject": "self",
                  "domain": "hand",
                  "value": "quirk:overhaul3"
                }
              ]
            },
            "event": "quirk:overhaul3_event_hold"
          }
        },
        {
          "on_environment": {
            "filters": {
              "all_of": [
                {
                  "test": "has_equipment",
                  "subject": "self",
                  "domain": "head",
                  "value": "quirk:overhaul3"
                }
              ]
            },
            "event": "quirk:overhaul3_event_play"
          }
        },
        {
          "on_environment": {
            "filters": {
              "all_of": [
                {
                  "test": "has_equipment",
                  "subject": "self",
                  "domain": "hand",
                  "value": "quirk:darkshadow1"
                }
              ]
            },
            "event": "quirk:darkshadow1_event_hold"
          }
        },
        {
          "on_environment": {
            "filters": {
              "all_of": [
                {
                  "test": "has_equipment",
                  "subject": "self",
                  "domain": "head",
                  "value": "quirk:darkshadow1"
                }
              ]
            },
            "event": "quirk:darkshadow1_event_play"
          }
        },
        {
          "on_environment": {
            "filters": {
              "all_of": [
                {
                  "test": "has_equipment",
                  "subject": "self",
                  "domain": "hand",
                  "value": "quirk:explosion3"
                }
              ]
            },
            "event": "quirk:explosion3_event_hold"
          }
        },
        {
          "on_environment": {
            "filters": {
              "all_of": [
                {
                  "test": "has_equipment",
                  "subject": "self",
                  "domain": "head",
                  "value": "quirk:explosion3"
                }
              ]
            },
            "event": "quirk:explosion3_event_play"
          }
        },
        {
          "on_environment": {
            "filters": {
              "all_of": [
                {
                  "test": "has_equipment",
                  "subject": "self",
                  "domain": "hand",
                  "value": "quirk:half_hot_half_cold3"
                }
              ]
            },
            "event": "quirk:half_hot_half_cold3_event_hold"
          }
        },
        {
          "on_environment": {
            "filters": {
              "all_of": [
                {
                  "test": "has_equipment",
                  "subject": "self",
                  "domain": "head",
                  "value": "quirk:half_hot_half_cold3"
                }
              ]
            },
            "event": "quirk:half_hot_half_cold3_event_play"
          }
        },
        {
          "on_environment": {
            "filters": {
              "all_of": [
                {
                  "test": "has_equipment",
                  "subject": "self",
                  "domain": "hand",
                  "value": "quirk:ofa2"
                }
              ]
            },
            "event": "quirk:ofa2_event_hold"
          }
        },
        {
          "on_environment": {
            "filters": {
              "all_of": [
                {
                  "test": "has_equipment",
                  "subject": "self",
                  "domain": "head",
                  "value": "quirk:ofa2"
                }
              ]
            },
            "event": "quirk:ofa2_event_play"
          }
        },
        {
          "on_environment": {
            "filters": {
              "all_of": [
                {
                  "test": "has_equipment",
                  "subject": "self",
                  "domain": "hand",
                  "value": "quirk:ofa3"
                }
              ]
            },
            "event": "quirk:ofa3_event_hold"
          }
        },
        {
          "on_environment": {
            "filters": {
              "all_of": [
                {
                  "test": "has_equipment",
                  "subject": "self",
                  "domain": "head",
                  "value": "quirk:ofa3"
                }
              ]
            },
            "event": "quirk:ofa3_event_play"
          }
        },
        {
          "on_environment": {
            "filters": {
              "all_of": [
                {
                  "test": "has_equipment",
                  "subject": "self",
                  "domain": "hand",
                  "value": "quirk:electrification4"
                }
              ]
            },
            "event": "quirk:electrification4_event_hold"
          }
        },
        {
          "on_environment": {
            "filters": {
              "all_of": [
                {
                  "test": "has_equipment",
                  "subject": "self",
                  "domain": "head",
                  "value": "quirk:electrification4"
                }
              ]
            },
            "event": "quirk:electrification4_event_play"
          }
        },
        {
          "on_environment": {
            "filters": {
              "all_of": [
                {
                  "test": "has_equipment",
                  "subject": "self",
                  "domain": "hand",
                  "value": "documento:allmight"
                }
              ]
            },
            "event": "documento:allmight_event_hold"
          }
        },
        {
          "on_environment": {
            "filters": {
              "all_of": [
                {
                  "test": "has_equipment",
                  "subject": "self",
                  "domain": "head",
                  "value": "documento:allmight"
                }
              ]
            },
            "event": "documento:allmight_event_play"
          }
        },
        {
          "on_environment": {
            "filters": {
              "all_of": [
                {
                  "test": "has_equipment",
                  "subject": "self",
                  "domain": "hand",
                  "value": "itemsquirk:midoriyasmask"
                }
              ]
            },
            "event": "itemsquirk:midoriyasmask_event_hold"
          }
        },
        {
          "on_environment": {
            "filters": {
              "all_of": [
                {
                  "test": "has_equipment",
                  "subject": "self",
                  "domain": "head",
                  "value": "itemsquirk:midoriyasmask"
                }
              ]
            },
            "event": "itemsquirk:midoriyasmask_event_play"
          }
        },
        {
          "on_environment": {
            "filters": {
              "all_of": [
                {
                  "test": "has_equipment",
                  "subject": "self",
                  "domain": "hand",
                  "value": "quirk:decay"
                }
              ]
            },
            "event": "quirk:decay_event_hold"
          }
        },
        {
          "on_environment": {
            "filters": {
              "all_of": [
                {
                  "test": "has_equipment",
                  "subject": "self",
                  "domain": "head",
                  "value": "quirk:decay"
                }
              ]
            },
            "event": "quirk:decay_event_play"
          }
        }
      ],
      "minecraft:player.saturation": {
        "value": 20
      },
      "minecraft:player.exhaustion": {
        "value": 0,
        "max": 4
      },
      "minecraft:player.level": {
        "value": 0,
        "max": 24791
      },
      "minecraft:player.experience": {
        "value": 0,
        "max": 1
      },
      "minecraft:breathable": {
        "totalSupply": 15,
        "suffocateTime": -1,
        "inhaleTime": 3.75,
        "generatesBubbles": false
      },
      "minecraft:nameable": {
        "alwaysShow": true,
        "allowNameTagRenaming": false
      },
      "minecraft:physics": {},
      "minecraft:insomnia": {
        "days_until_insomnia": 3
      },
      "minecraft:rideable": {
        "seat_count": 2,
        "family_types": [
          "parrot_tame"
        ],
        "pull_in_entities": true,
        "seats": [
          {
            "position": [
              0.4,
              -0.15,
              0.04
            ],
            "min_rider_count": 0,
            "max_rider_count": 0,
            "lock_rider_rotation": 0
          },
          {
            "position": [
              -0.4,
              -0.15,
              0.04
            ],
            "min_rider_count": 1,
            "max_rider_count": 2,
            "lock_rider_rotation": 0
          }
        ]
      },
      "minecraft:scaffolding_climber": {}
    },
    "events": {
      "pamobile:refresh_player": {
        "add": {
          "component_groups": [
            "pamobile:respawn"
          ]
        },
        "remove": {
          "component_groups": [
            "quirk:engine1_event_hold",
            "quirk:engine1_event_play",
            "quirk:electrification1_event_hold",
            "quirk:electrification1_event_play",
            "documento:rewind_event_hold",
            "documento:rewind_event_play",
            "documento:darkshadow_event_hold",
            "documento:darkshadow_event_play",
            "documento:engine_event_hold",
            "documento:engine_event_play",
            "quirk:manifest_event_hold",
            "quirk:manifest_event_play",
            "documento:0gravity_event_hold",
            "documento:0gravity_event_play",
            "quirk:overhaul_event_hold",
            "quirk:overhaul_event_play",
            "quirk:muscle_augmentation_event_hold",
            "quirk:muscle_augmentation_event_play",
            "quirk:ofa4_event_hold",
            "quirk:ofa4_event_play",
            "documento:invisibility_event_hold",
            "documento:invisibility_event_play",
            "quirk:manifest2_event_hold",
            "quirk:manifest2_event_play",
            "documento:electrification3_event_hold",
            "documento:electrification3_event_play",
            "documento:hardening_event_hold",
            "documento:hardening_event_play",
            "quirk:afo_event_hold",
            "quirk:afo_event_play",
            "quirk:half_hot_half_cold2_event_hold",
            "quirk:half_hot_half_cold2_event_play",
            "quirk:gravity0_event_hold",
            "quirk:gravity0_event_play",
            "quirk:half_hot_half_cold_event_hold",
            "quirk:half_hot_half_cold_event_play",
            "documento:manifest_event_hold",
            "documento:manifest_event_play",
            "documento:ofa_event_hold",
            "documento:ofa_event_play",
            "documento:nomu_event_hold",
            "documento:nomu_event_play",
            "documento:muscle_augmentation_event_hold",
            "documento:muscle_augmentation_event_play",
            "documento:overhaul_event_hold",
            "documento:overhaul_event_play",
            "quirk:explosion2_event_hold",
            "quirk:explosion2_event_play",
            "quirk:ofa1_event_hold",
            "quirk:ofa1_event_play",
            "documento:afo_event_hold",
            "documento:afo_event_play",
            "documento:half_hot_half_cold_event_hold",
            "documento:half_hot_half_cold_event_play",
            "documento:fierce_wings_event_hold",
            "documento:fierce_wings_event_play",
            "documento:decay_event_hold",
            "documento:decay_event_play",
            "documento:explosion_event_hold",
            "documento:explosion_event_play",
            "quirk:half_hot_half_cold4_event_hold",
            "quirk:half_hot_half_cold4_event_play",
            "quirk:nomu_event_hold",
            "quirk:nomu_event_play",
            "quirk:overhaul2_event_hold",
            "quirk:overhaul2_event_play",
            "quirk:overhaul3_event_hold",
            "quirk:overhaul3_event_play",
            "quirk:darkshadow1_event_hold",
            "quirk:darkshadow1_event_play",
            "quirk:explosion3_event_hold",
            "quirk:explosion3_event_play",
            "quirk:half_hot_half_cold3_event_hold",
            "quirk:half_hot_half_cold3_event_play",
            "quirk:ofa2_event_hold",
            "quirk:ofa2_event_play",
            "quirk:ofa3_event_hold",
            "quirk:ofa3_event_play",
            "quirk:electrification4_event_hold",
            "quirk:electrification4_event_play",
            "documento:allmight_event_hold",
            "documento:allmight_event_play",
            "itemsquirk:midoriyasmask_event_hold",
            "itemsquirk:midoriyasmask_event_play",
            "quirk:decay_event_hold",
            "quirk:decay_event_play"
          ]
        }
      },
      "minecraft:entity_spawned": {
        "add": {
          "component_groups": [
            "pamobile:respawn"
          ]
        },
        "remove": {}
      },
      "ammo:1": {
        "remove": {
          "component_groups": [
            "ammo:1"
          ]
        },
        "add": {
          "component_groups": [
            "ammo:1"
          ]
        }
      },
      "ammo:2": {
        "remove": {
          "component_groups": [
            "ammo:2"
          ]
        },
        "add": {
          "component_groups": [
            "ammo:2"
          ]
        }
      },
      "quirk:ofa2_fire": {
        "add": {
          "component_groups": [
            "quirk:ofa2_fire"
          ]
        }
      },
      "quirk:explosion2_fire": {
        "add": {
          "component_groups": [
            "quirk:explosion2_fire"
          ]
        }
      },
      "quirk:ofa6_fire": {
        "add": {
          "component_groups": [
            "quirk:ofa6_fire"
          ]
        }
      },
      "quirk:electrification2_fire": {
        "add": {
          "component_groups": [
            "quirk:electrification2_fire"
          ]
        }
      },
      "quirk:engine1_event_hold": {
        "add": {
          "component_groups": [
            "quirk:engine1_event_hold"
          ]
        }
      },
      "quirk:engine1_event_play": {
        "add": {
          "component_groups": [
            "quirk:engine1_event_play"
          ]
        }
      },
      "quirk:electrification1_event_hold": {
        "add": {
          "component_groups": [
            "quirk:electrification1_event_hold"
          ]
        }
      },
      "quirk:electrification1_event_play": {
        "add": {
          "component_groups": [
            "quirk:electrification1_event_play"
          ]
        }
      },
      "documento:rewind_event_hold": {
        "add": {
          "component_groups": [
            "documento:rewind_event_hold"
          ]
        }
      },
      "documento:rewind_event_play": {
        "add": {
          "component_groups": [
            "documento:rewind_event_play"
          ]
        }
      },
      "documento:darkshadow_event_hold": {
        "add": {
          "component_groups": [
            "documento:darkshadow_event_hold"
          ]
        }
      },
      "documento:darkshadow_event_play": {
        "add": {
          "component_groups": [
            "documento:darkshadow_event_play"
          ]
        }
      },
      "documento:engine_event_hold": {
        "add": {
          "component_groups": [
            "documento:engine_event_hold"
          ]
        }
      },
      "documento:engine_event_play": {
        "add": {
          "component_groups": [
            "documento:engine_event_play"
          ]
        }
      },
      "quirk:manifest_event_hold": {
        "add": {
          "component_groups": [
            "quirk:manifest_event_hold"
          ]
        }
      },
      "quirk:manifest_event_play": {
        "add": {
          "component_groups": [
            "quirk:manifest_event_play"
          ]
        }
      },
      "documento:0gravity_event_hold": {
        "add": {
          "component_groups": [
            "documento:0gravity_event_hold"
          ]
        }
      },
      "documento:0gravity_event_play": {
        "add": {
          "component_groups": [
            "documento:0gravity_event_play"
          ]
        }
      },
      "quirk:overhaul_event_hold": {
        "add": {
          "component_groups": [
            "quirk:overhaul_event_hold"
          ]
        }
      },
      "quirk:overhaul_event_play": {
        "add": {
          "component_groups": [
            "quirk:overhaul_event_play"
          ]
        }
      },
      "quirk:muscle_augmentation_event_hold": {
        "add": {
          "component_groups": [
            "quirk:muscle_augmentation_event_hold"
          ]
        }
      },
      "quirk:muscle_augmentation_event_play": {
        "add": {
          "component_groups": [
            "quirk:muscle_augmentation_event_play"
          ]
        }
      },
      "quirk:ofa4_event_hold": {
        "add": {
          "component_groups": [
            "quirk:ofa4_event_hold"
          ]
        }
      },
      "quirk:ofa4_event_play": {
        "add": {
          "component_groups": [
            "quirk:ofa4_event_play"
          ]
        }
      },
      "documento:invisibility_event_hold": {
        "add": {
          "component_groups": [
            "documento:invisibility_event_hold"
          ]
        }
      },
      "documento:invisibility_event_play": {
        "add": {
          "component_groups": [
            "documento:invisibility_event_play"
          ]
        }
      },
      "quirk:manifest2_event_hold": {
        "add": {
          "component_groups": [
            "quirk:manifest2_event_hold"
          ]
        }
      },
      "quirk:manifest2_event_play": {
        "add": {
          "component_groups": [
            "quirk:manifest2_event_play"
          ]
        }
      },
      "documento:electrification3_event_hold": {
        "add": {
          "component_groups": [
            "documento:electrification3_event_hold"
          ]
        }
      },
      "documento:electrification3_event_play": {
        "add": {
          "component_groups": [
            "documento:electrification3_event_play"
          ]
        }
      },
      "documento:hardening_event_hold": {
        "add": {
          "component_groups": [
            "documento:hardening_event_hold"
          ]
        }
      },
      "documento:hardening_event_play": {
        "add": {
          "component_groups": [
            "documento:hardening_event_play"
          ]
        }
      },
      "quirk:afo_event_hold": {
        "add": {
          "component_groups": [
            "quirk:afo_event_hold"
          ]
        }
      },
      "quirk:afo_event_play": {
        "add": {
          "component_groups": [
            "quirk:afo_event_play"
          ]
        }
      },
      "quirk:half_hot_half_cold2_event_hold": {
        "add": {
          "component_groups": [
            "quirk:half_hot_half_cold2_event_hold"
          ]
        }
      },
      "quirk:half_hot_half_cold2_event_play": {
        "add": {
          "component_groups": [
            "quirk:half_hot_half_cold2_event_play"
          ]
        }
      },
      "quirk:gravity0_event_hold": {
        "add": {
          "component_groups": [
            "quirk:gravity0_event_hold"
          ]
        }
      },
      "quirk:gravity0_event_play": {
        "add": {
          "component_groups": [
            "quirk:gravity0_event_play"
          ]
        }
      },
      "quirk:half_hot_half_cold_event_hold": {
        "add": {
          "component_groups": [
            "quirk:half_hot_half_cold_event_hold"
          ]
        }
      },
      "quirk:half_hot_half_cold_event_play": {
        "add": {
          "component_groups": [
            "quirk:half_hot_half_cold_event_play"
          ]
        }
      },
      "documento:manifest_event_hold": {
        "add": {
          "component_groups": [
            "documento:manifest_event_hold"
          ]
        }
      },
      "documento:manifest_event_play": {
        "add": {
          "component_groups": [
            "documento:manifest_event_play"
          ]
        }
      },
      "documento:ofa_event_hold": {
        "add": {
          "component_groups": [
            "documento:ofa_event_hold"
          ]
        }
      },
      "documento:ofa_event_play": {
        "add": {
          "component_groups": [
            "documento:ofa_event_play"
          ]
        }
      },
      "documento:nomu_event_hold": {
        "add": {
          "component_groups": [
            "documento:nomu_event_hold"
          ]
        }
      },
      "documento:nomu_event_play": {
        "add": {
          "component_groups": [
            "documento:nomu_event_play"
          ]
        }
      },
      "documento:muscle_augmentation_event_hold": {
        "add": {
          "component_groups": [
            "documento:muscle_augmentation_event_hold"
          ]
        }
      },
      "documento:muscle_augmentation_event_play": {
        "add": {
          "component_groups": [
            "documento:muscle_augmentation_event_play"
          ]
        }
      },
      "documento:overhaul_event_hold": {
        "add": {
          "component_groups": [
            "documento:overhaul_event_hold"
          ]
        }
      },
      "documento:overhaul_event_play": {
        "add": {
          "component_groups": [
            "documento:overhaul_event_play"
          ]
        }
      },
      "quirk:explosion2_event_hold": {
        "add": {
          "component_groups": [
            "quirk:explosion2_event_hold"
          ]
        }
      },
      "quirk:explosion2_event_play": {
        "add": {
          "component_groups": [
            "quirk:explosion2_event_play"
          ]
        }
      },
      "quirk:ofa1_event_hold": {
        "add": {
          "component_groups": [
            "quirk:ofa1_event_hold"
          ]
        }
      },
      "quirk:ofa1_event_play": {
        "add": {
          "component_groups": [
            "quirk:ofa1_event_play"
          ]
        }
      },
      "documento:afo_event_hold": {
        "add": {
          "component_groups": [
            "documento:afo_event_hold"
          ]
        }
      },
      "documento:afo_event_play": {
        "add": {
          "component_groups": [
            "documento:afo_event_play"
          ]
        }
      },
      "documento:half_hot_half_cold_event_hold": {
        "add": {
          "component_groups": [
            "documento:half_hot_half_cold_event_hold"
          ]
        }
      },
      "documento:half_hot_half_cold_event_play": {
        "add": {
          "component_groups": [
            "documento:half_hot_half_cold_event_play"
          ]
        }
      },
      "documento:fierce_wings_event_hold": {
        "add": {
          "component_groups": [
            "documento:fierce_wings_event_hold"
          ]
        }
      },
      "documento:fierce_wings_event_play": {
        "add": {
          "component_groups": [
            "documento:fierce_wings_event_play"
          ]
        }
      },
      "documento:decay_event_hold": {
        "add": {
          "component_groups": [
            "documento:decay_event_hold"
          ]
        }
      },
      "documento:decay_event_play": {
        "add": {
          "component_groups": [
            "documento:decay_event_play"
          ]
        }
      },
      "documento:explosion_event_hold": {
        "add": {
          "component_groups": [
            "documento:explosion_event_hold"
          ]
        }
      },
      "documento:explosion_event_play": {
        "add": {
          "component_groups": [
            "documento:explosion_event_play"
          ]
        }
      },
      "quirk:half_hot_half_cold4_event_hold": {
        "add": {
          "component_groups": [
            "quirk:half_hot_half_cold4_event_hold"
          ]
        }
      },
      "quirk:half_hot_half_cold4_event_play": {
        "add": {
          "component_groups": [
            "quirk:half_hot_half_cold4_event_play"
          ]
        }
      },
      "quirk:nomu_event_hold": {
        "add": {
          "component_groups": [
            "quirk:nomu_event_hold"
          ]
        }
      },
      "quirk:nomu_event_play": {
        "add": {
          "component_groups": [
            "quirk:nomu_event_play"
          ]
        }
      },
      "quirk:overhaul2_event_hold": {
        "add": {
          "component_groups": [
            "quirk:overhaul2_event_hold"
          ]
        }
      },
      "quirk:overhaul2_event_play": {
        "add": {
          "component_groups": [
            "quirk:overhaul2_event_play"
          ]
        }
      },
      "quirk:overhaul3_event_hold": {
        "add": {
          "component_groups": [
            "quirk:overhaul3_event_hold"
          ]
        }
      },
      "quirk:overhaul3_event_play": {
        "add": {
          "component_groups": [
            "quirk:overhaul3_event_play"
          ]
        }
      },
      "quirk:darkshadow1_event_hold": {
        "add": {
          "component_groups": [
            "quirk:darkshadow1_event_hold"
          ]
        }
      },
      "quirk:darkshadow1_event_play": {
        "add": {
          "component_groups": [
            "quirk:darkshadow1_event_play"
          ]
        }
      },
      "quirk:explosion3_event_hold": {
        "add": {
          "component_groups": [
            "quirk:explosion3_event_hold"
          ]
        }
      },
      "quirk:explosion3_event_play": {
        "add": {
          "component_groups": [
            "quirk:explosion3_event_play"
          ]
        }
      },
      "quirk:half_hot_half_cold3_event_hold": {
        "add": {
          "component_groups": [
            "quirk:half_hot_half_cold3_event_hold"
          ]
        }
      },
      "quirk:half_hot_half_cold3_event_play": {
        "add": {
          "component_groups": [
            "quirk:half_hot_half_cold3_event_play"
          ]
        }
      },
      "quirk:ofa2_event_hold": {
        "add": {
          "component_groups": [
            "quirk:ofa2_event_hold"
          ]
        }
      },
      "quirk:ofa2_event_play": {
        "add": {
          "component_groups": [
            "quirk:ofa2_event_play"
          ]
        }
      },
      "quirk:ofa3_event_hold": {
        "add": {
          "component_groups": [
            "quirk:ofa3_event_hold"
          ]
        }
      },
      "quirk:ofa3_event_play": {
        "add": {
          "component_groups": [
            "quirk:ofa3_event_play"
          ]
        }
      },
      "quirk:electrification4_event_hold": {
        "add": {
          "component_groups": [
            "quirk:electrification4_event_hold"
          ]
        }
      },
      "quirk:electrification4_event_play": {
        "add": {
          "component_groups": [
            "quirk:electrification4_event_play"
          ]
        }
      },
      "documento:allmight_event_hold": {
        "add": {
          "component_groups": [
            "documento:allmight_event_hold"
          ]
        }
      },
      "documento:allmight_event_play": {
        "add": {
          "component_groups": [
            "documento:allmight_event_play"
          ]
        }
      },
      "itemsquirk:midoriyasmask_event_hold": {
        "add": {
          "component_groups": [
            "itemsquirk:midoriyasmask_event_hold"
          ]
        }
      },
      "itemsquirk:midoriyasmask_event_play": {
        "add": {
          "component_groups": [
            "itemsquirk:midoriyasmask_event_play"
          ]
        }
      },
      "quirk:decay_event_hold": {
        "add": {
          "component_groups": [
            "quirk:decay_event_hold"
          ]
        }
      },
      "quirk:decay_event_play": {
        "add": {
          "component_groups": [
            "quirk:decay_event_play"
          ]
        }
      }
    }
  }
}