{"format_version":"1.8.0","minecraft:entity":{"description":{"identifier":"minecraft:thrown_trident","is_spawnable":false,"is_summonable":false,"is_experimental":false},"component_groups":{"minecraft:exploding":{"minecraft:explode":{"fuseLength":0,"fuseLit":true,"power":2,"causesFire":true,"fireAffectedByGriefing":true,"destroyAffectedByGriefing":true}}},"components":{"minecraft:collision_box":{"width":0.25,"height":0.35},"minecraft:projectile":{"onHit":{"definition_event":{"affectProjectile":true,"eventTrigger":{"event":"minecraft:explode","target":"self"}}},"liquid_inertia":0.99,"hitSound":"item.trident.hit","hitGroundSound":"item.trident.hit_ground","power":4,"gravity":0.1,"uncertaintyBase":1,"uncertaintyMultiplier":0,"stopOnHurt":true,"anchor":1,"shouldbounce":true,"multipletargets":false,"offset":[0,-0.1,0]},"minecraft:physics":{}},"events":{"minecraft:explode":{"add":{"component_groups":["minecraft:exploding"]}}}}}