{"format_version":"1.10.0","minecraft:attachable":{"description":{"identifier":"documento:manifest","item":{"documento:manifest":"query.owner_identifier == 'minecraft:player'"},"materials":{"default":"armor","enchanted":"armor_enchanted"},"textures":{"default":"textures/entity/pamobile/documento_manifest","enchanted":"textures/misc/enchanted_item_glint"},"geometry":{"default":"geometry.customarmor"},"scripts":{"parent_setup":"variable.helmet_layer_visible = 0.0;"},"render_controllers":["controller.render.armor"]}}}