{"format_version":"1.10.0","minecraft:attachable":{"description":{"identifier":"documento:electrification3","item":{"documento:electrification3":"query.owner_identifier == 'minecraft:player'"},"materials":{"default":"armor","enchanted":"armor_enchanted"},"textures":{"default":"textures/entity/pamobile/documento_electrification3","enchanted":"textures/misc/enchanted_item_glint"},"geometry":{"default":"geometry.customarmor"},"scripts":{"parent_setup":"variable.helmet_layer_visible = 0.0;"},"render_controllers":["controller.render.armor"]}}}