{"format_version":"1.10.0","minecraft:attachable":{"description":{"identifier":"quirk:half_hot_half_cold3","item":{"quirk:half_hot_half_cold3":"query.owner_identifier == 'minecraft:player'"},"materials":{"default":"armor","enchanted":"armor_enchanted"},"textures":{"default":"textures/entity/pamobile/quirk_half_hot_half_cold3","enchanted":"textures/misc/enchanted_item_glint"},"geometry":{"default":"geometry.customarmor"},"scripts":{"parent_setup":"variable.helmet_layer_visible = 0.0;"},"render_controllers":["controller.render.armor"]}}}