{
  "format_version": "1.12",
  "minecraft:recipe_shaped": {
    "description": {
      "identifier": "fierce_wings_8c80919f"
    },
    "tags": [
      "crafting_table"
    ],
    "pattern": [
      " A ",
      "BCB",
      " A "
    ],
    "key": {
      "A": {
        "item": "minecraft:potion",
        "data": 40
      },
      "B": {
        "item": "minecraft:feather",
        "data": 0
      },
      "C": {
        "item": "itemsmha:quirk_paper",
        "data": 0
      }
    },
    "result": {
      "item": "documento:fierce_wings",
      "count": 1
    }
  }
}