{
  "format_version": "1.12",
  "minecraft:recipe_shaped": {
    "description": {
      "identifier": "afo_ef53a041"
    },
    "tags": [
      "crafting_table"
    ],
    "pattern": [
      " A ",
      "BCD",
      " E "
    ],
    "key": {
      "A": {
        "item": "itemsquirk:darknesspoints",
        "data": 0
      },
      "B": {
        "item": "itemsquirk:flamingpoints",
        "data": 0
      },
      "C": {
        "item": "itemsmha:quirk_paper",
        "data": 0
      },
      "D": {
        "item": "itemsquirk:frozenpoints",
        "data": 0
      },
      "E": {
        "item": "itemsquirk:chargedpoints",
        "data": 0
      }
    },
    "result": {
      "item": "documento:afo",
      "count": 1
    }
  }
}