{
  "format_version": "1.12",
  "minecraft:recipe_shaped": {
    "description": {
      "identifier": "muscle_augmentation_c9cbb209"
    },
    "tags": [
      "crafting_table"
    ],
    "pattern": [
      " A ",
      "ABA",
      " A "
    ],
    "key": {
      "A": {
        "item": "minecraft:potion",
        "data": 31
      },
      "B": {
        "item": "itemsmha:quirk_paper",
        "data": 0
      }
    },
    "result": {
      "item": "documento:muscle_augmentation",
      "count": 1
    }
  }
}