{
	"format_version": "1.12.0",
	"minecraft:geometry": [
		{
			"description": {
				"identifier": "geometry.armor1",
				"texture_width": 60,
				"texture_height": 102,
				"visible_bounds_width": 6,
				"visible_bounds_height": 3,
				"visible_bounds_offset": [0, 0, 0]
			},
			"bones": [
				{
					"name": "body",
					"pivot": [0, 24, 0]
				},
				{
					"name": "head",
					"pivot": [0, 24, 0],
					"cubes": [
						{"origin": [-5, 26, -4], "size": [1, 5, 8], "uv": [42, 89]},
						{"origin": [4, 26, -4], "size": [1, 5, 8], "uv": [42, 89]},
						{"origin": [-3.7, 24, -4.3], "size": [8, 7, 1], "uv": [2, 55]},
						{"origin": [13, 26, 2.5], "size": [12, 15, 1], "pivot": [26, 8, -1], "rotation": [0, -20, -20], "uv": [3, 68]},
						{"origin": [-36, 25, 11.5], "size": [12, 15, 1], "pivot": [-23, 7, 7], "rotation": [0, -160, 20], "uv": [2, 68]},
						{"origin": [-4, 26, 4], "size": [8, 5, 1], "uv": [42, 89]},
						{"origin": [14.5, 35, -10], "size": [1.5, 4, 1.5], "inflate": 0.1, "pivot": [12, 7, -6], "rotation": [0, -70, -40], "uv": [44, 92]},
						{"origin": [14.5, 35, -8], "size": [1.5, 5, 1.5], "inflate": 0.1, "pivot": [12, 7, -4], "rotation": [0, -70, -40], "uv": [44, 92]},
						{"origin": [10.5, 31, -13], "size": [1.5, 6, 2.5], "inflate": 0.1, "pivot": [8, 3, -8], "rotation": [0, -90, -25], "uv": [44, 92]},
						{"origin": [10.5, 31, -12.8], "size": [1.5, 6, 2.5], "inflate": 0.1, "pivot": [8, 3, -8], "rotation": [0, -90, -20], "uv": [44, 92]},
						{"origin": [4.5, 31, -13.2], "size": [1.5, 5, 2.5], "inflate": 0.1, "pivot": [2, 3, -8], "rotation": [0, -90, -5], "uv": [44, 92]},
						{"origin": [-1, 28, -12.2], "size": [1.5, 6, 2.5], "inflate": 0.1, "pivot": [-3, 0, -7], "rotation": [0, -90, 7.5], "uv": [44, 92]},
						{"origin": [-1, 28, -12.2], "size": [1.5, 6, 2.5], "inflate": 0.1, "pivot": [-3, 0, -7], "rotation": [0, -105, 7.5], "uv": [44, 92]},
						{"origin": [-1, 28, -9.2], "size": [1.5, 6, 2.5], "inflate": 0.1, "pivot": [-3, 0, -4], "rotation": [0, -90, 7.5], "uv": [44, 92]},
						{"origin": [-1, 28, -7.2], "size": [1.5, 6, 2.5], "inflate": 0.1, "pivot": [-3, 0, -2], "rotation": [0, -90, 7.5], "uv": [44, 92]},
						{"origin": [-1, 28, -5.2], "size": [1.5, 6, 2.5], "inflate": 0.1, "pivot": [-3, 0, 0], "rotation": [0, -100, 7.5], "uv": [44, 92]},
						{"origin": [-2, 27, -3.2], "size": [1.5, 7, 2.5], "inflate": 0.1, "pivot": [-4, 0, 2], "rotation": [0, -95, 7.5], "uv": [44, 92]},
						{"origin": [-2, 27, -3.2], "size": [1.5, 7, 2.5], "inflate": 0.1, "pivot": [-4, 0, 2], "rotation": [0, -95, 2.5], "uv": [44, 92]},
						{"origin": [-2, 27, -3.2], "size": [1.5, 7, 2.5], "inflate": 0.1, "pivot": [-4, 0, 2], "rotation": [0, -95, -2.5], "uv": [44, 92]},
						{"origin": [4, 27, -3.2], "size": [1.5, 7, 2.5], "inflate": 0.1, "pivot": [2, 0, 2], "rotation": [0, -95, -17.5], "uv": [44, 92]},
						{"origin": [-1, 28, -6.2], "size": [1.5, 6, 2.5], "inflate": 0.1, "pivot": [-3, 0, -1], "rotation": [0, -95, 7.5], "uv": [44, 92]},
						{"origin": [14.5, 35, -6], "size": [1.5, 4, 1.5], "inflate": 0.1, "pivot": [12, 7, -2], "rotation": [0, -70, -40], "uv": [44, 92]},
						{"origin": [13.5, 34, -6], "size": [1.5, 4, 1.5], "inflate": 0.1, "pivot": [11, 6, -2], "rotation": [0, -70, -40], "uv": [44, 92]},
						{"origin": [13.5, 34, -4], "size": [1.5, 4, 1.5], "inflate": 0.1, "pivot": [11, 6, 0], "rotation": [0, -70, -40], "uv": [44, 92]},
						{"origin": [13.5, 32, -4], "size": [1.5, 4, 1.5], "inflate": 0.1, "pivot": [11, 4, 0], "rotation": [0, -70, -40], "uv": [44, 92]},
						{"origin": [13.5, 32, -2], "size": [1.5, 4, 1.5], "inflate": 0.1, "pivot": [11, 4, 2], "rotation": [0, -70, -40], "uv": [44, 92]},
						{"origin": [13.5, 32, -6], "size": [1.5, 4, 1.5], "inflate": 0.1, "pivot": [11, 4, -2], "rotation": [0, -70, -40], "uv": [44, 92]},
						{"origin": [13.5, 32, -8], "size": [1.5, 4, 1.5], "inflate": 0.1, "pivot": [11, 4, -4], "rotation": [0, -70, -40], "uv": [44, 92]},
						{"origin": [13.5, 34, -2], "size": [1.5, 4, 1.5], "inflate": 0.1, "pivot": [11, 6, 2], "rotation": [0, -70, -40], "uv": [44, 92]},
						{"origin": [14.5, 35, -4], "size": [1.5, 4, 1.5], "inflate": 0.1, "pivot": [12, 7, 0], "rotation": [0, -70, -40], "uv": [44, 92]},
						{"origin": [14.5, 35, -3], "size": [1.5, 4, 1.5], "inflate": 0.1, "pivot": [12, 7, 1], "rotation": [0, -70, -40], "uv": [44, 92]},
						{"origin": [13.5, 35, -5], "size": [1.5, 4, 1.5], "inflate": 0.1, "pivot": [11, 7, -1], "rotation": [0, -140, -25], "uv": [44, 92]},
						{"origin": [13.5, 35, -7], "size": [1.5, 4, 1.5], "inflate": 0.1, "pivot": [11, 7, -3], "rotation": [0, -140, -25], "uv": [44, 92]},
						{"origin": [13.5, 35, -9], "size": [1.5, 4, 1.5], "inflate": 0.1, "pivot": [11, 7, -5], "rotation": [0, -140, -25], "uv": [44, 92]},
						{"origin": [4.5, 33, -9], "size": [1.5, 4, 1.5], "inflate": 0.1, "pivot": [2, 5, -5], "rotation": [0, -130, -5], "uv": [44, 92]},
						{"origin": [4.5, 32, -12], "size": [1.5, 5, 1.5], "inflate": 0.1, "pivot": [2, 5, -8], "rotation": [0, -130, -5], "uv": [44, 92]},
						{"origin": [7.5, 32, -12], "size": [1.5, 4, 1.5], "inflate": 0.1, "pivot": [5, 4, -8], "rotation": [0, -130, -5], "uv": [44, 92]},
						{"origin": [6.5, 32, -10], "size": [1.5, 4, 1.5], "inflate": 0.1, "pivot": [4, 4, -6], "rotation": [0, -130, -5], "uv": [44, 92]},
						{"origin": [7.5, 32, -9], "size": [1.5, 4, 1.5], "inflate": 0.1, "pivot": [5, 4, -5], "rotation": [0, -130, -5], "uv": [44, 92]},
						{"origin": [7.5, 32, -6], "size": [1.5, 4, 1.5], "inflate": 0.1, "pivot": [5, 4, -2], "rotation": [0, -130, -5], "uv": [44, 92]},
						{"origin": [4.5, 32, -6], "size": [1.5, 4, 1.5], "inflate": 0.1, "pivot": [2, 4, -2], "rotation": [0, -130, -5], "uv": [44, 92]},
						{"origin": [4.5, 32, -8], "size": [1.5, 4, 1.5], "inflate": 0.1, "pivot": [2, 4, -4], "rotation": [0, -130, -5], "uv": [44, 92]},
						{"origin": [5.5, 32, -8], "size": [1.5, 4, 1.5], "inflate": 0.1, "pivot": [3, 4, -4], "rotation": [0, -130, -5], "uv": [44, 92]},
						{"origin": [7.5, 32, -8], "size": [1.5, 4, 1.5], "inflate": 0.1, "pivot": [5, 4, -4], "rotation": [0, -130, -5], "uv": [44, 92]},
						{"origin": [7.5, 32, -11], "size": [1.5, 4, 1.5], "inflate": 0.1, "pivot": [5, 4, -7], "rotation": [0, -130, -5], "uv": [44, 92]},
						{"origin": [5.5, 32, -5], "size": [1.5, 4, 1.5], "inflate": 0.1, "pivot": [3, 4, -1], "rotation": [0, -130, -5], "uv": [44, 92]},
						{"origin": [13.5, 35, -11], "size": [1.5, 4, 1.5], "inflate": 0.1, "pivot": [11, 7, -7], "rotation": [0, -140, -25], "uv": [44, 92]},
						{"origin": [13.5, 35, -13], "size": [1.5, 4, 1.5], "inflate": 0.1, "pivot": [11, 7, -9], "rotation": [0, -140, -25], "uv": [44, 92]},
						{"origin": [11.5, 34, -12], "size": [2.5, 5, 1.5], "inflate": 0.1, "pivot": [10, 6, -8], "rotation": [0, -140, -25], "uv": [44, 92]},
						{"origin": [21.5, 41, -12], "size": [2.5, 6, 1.5], "inflate": 0.1, "pivot": [20, 13, -8], "rotation": [0, -160, -50], "uv": [44, 92]},
						{"origin": [21.5, 42.5, -11], "size": [2.5, 5, 1.5], "inflate": 0.1, "pivot": [20, 14, -7], "rotation": [0, -160, -55], "uv": [44, 92]},
						{"origin": [21.5, 43.5, -10], "size": [2.5, 5, 1.5], "inflate": 0.1, "pivot": [20, 15, -6], "rotation": [0, -160, -55], "uv": [44, 92]}
					]
				},
				{
					"name": "rightArm",
					"pivot": [-5, 22, 0],
					"cubes": [
						{"origin": [-10, 10, -3], "size": [3, 8, 6], "uv": [10, 8]},
						{"origin": [-10, 10, -3], "size": [3, 8, 6], "uv": [10, 8]},
						{"origin": [-9.5, 18, -2.5], "size": [5, 1, 5], "uv": [10, 8]},
						{"origin": [-9.5, 9.5, -2.5], "size": [2, 1, 5], "uv": [10, 8]},
						{"origin": [-9.5, 10.5, -3.5], "size": [2, 7, 7], "uv": [19, 0]},
						{"origin": [-7.5, 14.5, -3.5], "size": [3.5, 3, 7], "uv": [11, 7]},
						{"origin": [-11, 13.5, -2.5], "size": [3, 4, 5], "uv": [17, 9]},
						{"origin": [-11, 10.5, -2.5], "size": [3, 3, 5], "uv": [0, 36]},
						{"origin": [-7, 14, -3], "size": [3.5, 4, 6], "uv": [12, 4]},
						{"origin": [-7, 13, -3], "size": [3.5, 1, 6], "uv": [46, 0]},
						{"origin": [-29, 21, -3], "size": [3, 1, 6], "pivot": [-22, 6, 0], "rotation": [0, 0, 90], "uv": [46, 0]},
						{"origin": [-31.4, 19, -1], "size": [1, 3, 2], "pivot": [-26, 6, -2], "rotation": [0, 0, 90], "uv": [46, 0]},
						{"origin": [-30.3, 20, -0.5], "size": [0, 1, 1], "pivot": [-26, 6, -1], "rotation": [0, 0, 90], "uv": [9, 7]},
						{"origin": [-33.8, 34.9, -1], "size": [1, 1, 2], "pivot": [-28, 20, -2], "rotation": [0, 0, 120], "uv": [46, 0]},
						{"origin": [-34.4, 26, -1], "size": [6, 1, 2], "pivot": [-28, 11, -2], "rotation": [0, 0, 92.5], "uv": [46, 0]}
					]
				},
				{
					"name": "leftArm",
					"pivot": [5, 22, 0],
					"cubes": [
						{"origin": [3, 14, -3], "size": [3.5, 4, 6], "uv": [12, 4]},
						{"origin": [3.5, 18, -2.5], "size": [5, 1, 5], "uv": [11, 5]},
						{"origin": [3, 13, -3], "size": [2.5, 1, 6], "uv": [44, 0]},
						{"origin": [-11.4, 21.5, -1], "size": [1, 3, 2], "pivot": [-6, 6, 2], "rotation": [0, 0, 90], "uv": [44, 0]},
						{"origin": [17.6, 38, -1], "size": [6, 1, 2], "pivot": [28, 22, 2], "rotation": [0, 0, -92.5], "uv": [44, 0]},
						{"origin": [15.3, 35, -1], "size": [1, 1, 2], "pivot": [19, 25, 2], "rotation": [0, 0, -120], "uv": [44, 0]},
						{"origin": [-17, 20.5, -3], "size": [4, 1, 6], "pivot": [-9, 6, 0], "rotation": [0, 0, 90], "uv": [42, 0]},
						{"origin": [6.5, 10, -3], "size": [3, 8, 6], "uv": [12, 4]},
						{"origin": [7, 9.5, -2.5], "size": [2, 1, 5], "uv": [12, 4]},
						{"origin": [10.5, 10.3, -0.5], "size": [1, 0, 1], "uv": [12, 4]},
						{"origin": [7.5, 10.5, -2.5], "size": [3, 7, 5], "uv": [12, 4]},
						{"origin": [7, 10.5, -3.5], "size": [2, 7, 7], "uv": [12, 4]},
						{"origin": [3.5, 14.5, -3.5], "size": [3.5, 3, 7], "uv": [11, 20]}
					]
				}
			]
		}
	]
}