{
	"format_version": "1.12.0",
	"minecraft:geometry": [
		{
			"description": {
				"identifier": "geometry.quirk8",
				"texture_width": 32,
				"texture_height": 32,
				"visible_bounds_width": 3,
				"visible_bounds_height": 3,
				"visible_bounds_offset": [0, 0, 0]
			},
			"bones": [
				{
					"name": "body",
					"pivot": [0, 24, 0],
					"cubes": [
						{"origin": [-6, 8.8, -3.5], "size": [3, 3, 2], "pivot": [-2, -12, -1], "rotation": [0, -25, 0], "uv": [16, 16]},
						{"origin": [-9.9, 13, -8], "size": [7, 7, 6], "pivot": [-6, 1, -5], "rotation": [40, -20, 0], "uv": [1, 2]},
						{"origin": [-6.2, 14, -19], "size": [7, 6, 6], "pivot": [-2, 2, -15], "rotation": [0, -20, 0], "uv": [5, 1]},
						{"origin": [-5.8, 20, -20], "size": [6, 7, 6], "pivot": [-2, 8, -15], "rotation": [0, -20, 0], "uv": [5, 1]},
						{"origin": [-4.4, 24.2, -21.5], "size": [1.2, 1, 1], "pivot": [-5, 7, -17], "rotation": [0, -20, 0], "uv": [2, 30]},
						{"origin": [-1.4, 24.2, -20.5], "size": [1.2, 1, 1], "pivot": [-2, 7, -16], "rotation": [0, -20, 0], "uv": [2, 30]},
						{"origin": [-0.2, 29.5, -16.5], "size": [1, 1.5, 1], "pivot": [4, 18, -12], "rotation": [20, -30, -50], "uv": [0, 28]},
						{"origin": [-12.3, 25.4, -24], "size": [1, 1.5, 1], "pivot": [-7, 12, -19], "rotation": [-20, -5, 50], "uv": [0, 28]},
						{"origin": [-5.2, 30, -10], "size": [2, 2, 6], "pivot": [-6, 15, -5], "rotation": [30, -10, 10], "uv": [5, 1]},
						{"origin": [-4.2, 28, -10], "size": [2, 3, 6], "pivot": [-5, 13, -5], "rotation": [30, -10, 10], "uv": [5, 1]},
						{"origin": [-8.2, 26, -12], "size": [2, 3, 6], "pivot": [-9, 11, -7], "rotation": [30, -20, -10], "uv": [5, 1]},
						{"origin": [-7.2, 29, -12], "size": [2, 2, 6], "pivot": [-8, 14, -7], "rotation": [30, -20, -10], "uv": [5, 1]},
						{"origin": [-7.2, 30, -12], "size": [3, 2, 6], "pivot": [-7, 15, -7], "rotation": [30, -20, 0], "uv": [5, 1]},
						{"origin": [-7.2, 27, -11], "size": [3, 2, 6], "pivot": [-7, 12, -6], "rotation": [30, -20, 0], "uv": [5, 1]},
						{"origin": [-5, 20.5, -20], "size": [5, 3, 2], "pivot": [-4, 9, -16], "rotation": [10, -20, 0], "uv": [5, 1]},
						{"origin": [-5.8, 22.5, -17], "size": [5, 3, 3], "pivot": [-6, 10, -14], "rotation": [35, -20, 0], "uv": [5, 1]},
						{"origin": [-8.2, 15, -20], "size": [2, 5, 3], "pivot": [-9, 2, -18], "rotation": [0, -20, 5], "uv": [5, 1]},
						{"origin": [-4, 14.5, -32.5], "size": [2, 6, 3], "pivot": [-5, 2, -30], "rotation": [-45, -20, 5], "uv": [5, 1]},
						{"origin": [6, 14.5, -29.5], "size": [2, 6, 3], "pivot": [5, 2, -27], "rotation": [-45, -20, -5], "uv": [5, 1]},
						{"origin": [1.8, 14, -18], "size": [2, 6, 3], "pivot": [1, 2, -16], "rotation": [0, -20, -5], "uv": [5, 1]},
						{"origin": [-8.5, 8.5, -14], "size": [6.5, 3.5, 8], "inflate": 0.2, "pivot": [-3, -2, -8], "rotation": [0, -20, 0], "uv": [5, 6]},
						{"origin": [-11, 9.3, 4], "size": [4, 2, 2], "inflate": 0.5, "pivot": [3, -2, 3], "rotation": [0, -55, 0], "uv": [7, 7]},
						{"origin": [4.38469, 14.64862, -3.45092], "size": [6, 2, 2], "inflate": 0.5, "pivot": [8, 3, -7], "rotation": [0, -15, -35], "uv": [7, 7]}
					]
				},
				{
					"name": "head",
					"pivot": [0, 24, 0]
				},
				{
					"name": "rightArm",
					"pivot": [-5, 22, 0]
				},
				{
					"name": "leftArm",
					"pivot": [5, 22, 0]
				},
				{
					"name": "rightLeg",
					"pivot": [-1.9, 12, 0]
				},
				{
					"name": "leftLeg",
					"pivot": [1.9, 12, 0]
				}
			]
		}
	]
}