{
	"format_version": "1.12.0",
	"minecraft:geometry": [
		{
			"description": {
				"identifier": "geometry.armor3",
				"texture_width": 64,
				"texture_height": 64,
				"visible_bounds_width": 4,
				"visible_bounds_height": 3,
				"visible_bounds_offset": [0, 0, 0]
			},
			"bones": [
				{
					"name": "body",
					"pivot": [0, 24, 0]
				},
				{
					"name": "head",
					"pivot": [0, 24, 0],
					"cubes": [
						{"origin": [-7, 26, 10.5], "size": [2, 8, 2], "pivot": [-3, -4, 15], "rotation": [10, -20, 0], "uv": [43, 8]},
						{"origin": [-3, 26, 10], "size": [2, 8, 2], "pivot": [1, -4, 14], "rotation": [10, -10, 0], "uv": [42, 6]},
						{"origin": [1, 26, 9.5], "size": [2, 8, 2], "pivot": [5, -4, 13], "rotation": [10, 10, 0], "uv": [25, 5]},
						{"origin": [5, 27, 11], "size": [2, 8, 2], "pivot": [9, -3, 15], "rotation": [15, 20, 0], "uv": [44, 4]},
						{"origin": [-4, 32, -4], "size": [8, 1, 8], "uv": [32, 0]},
						{"origin": [2.5, 32.5, -1], "size": [3, 2, 8], "pivot": [1, 3, 3], "rotation": [5, 0, -10], "uv": [28, 4]},
						{"origin": [0.5, 31.5, -1], "size": [2, 2, 8], "pivot": [-2, 2, 3], "rotation": [5, 0, -10], "uv": [20, 10]},
						{"origin": [-10, 35, -1], "size": [3, 2, 8], "pivot": [-11, 5, 3], "rotation": [5, 0, 19], "uv": [29, 4]},
						{"origin": [-7, 34, -1], "size": [2, 2, 8], "pivot": [-9, 4, 3], "rotation": [5, 0, 19], "uv": [27, 6]},
						{"origin": [-5, 31, -6], "size": [2, 3, 2], "pivot": [-6, 1, -2], "rotation": [0, 0, 5], "uv": [45, 7]},
						{"origin": [2.5, 30.5, -6], "size": [2, 3, 2], "pivot": [1, 1, -2], "rotation": [0, 0, -5], "uv": [43, 5]},
						{"origin": [-8, 27, -2], "size": [2, 6, 1], "inflate": 0.3, "pivot": [-10, 3, 2], "rotation": [0, 70, 15], "uv": [26, 0]},
						{"origin": [10, 26, -8], "size": [2, 6, 1], "inflate": 0.3, "pivot": [8, 2, -4], "rotation": [0, -70, -15], "uv": [40, 0]},
						{"origin": [10, 26, -6], "size": [4, 6, 1], "inflate": 0.3, "pivot": [8, 2, -2], "rotation": [0, -70, -15], "uv": [40, 0]},
						{"origin": [-8, 27, 2], "size": [4, 6, 1], "inflate": 0.3, "pivot": [-10, 3, 6], "rotation": [0, 70, 15], "uv": [22, 0]},
						{"origin": [-8, 27, 5], "size": [2, 6, 2], "inflate": 0.3, "pivot": [-10, 3, 8], "rotation": [0, 70, 15], "uv": [43, 0]},
						{"origin": [10, 26.5, -1], "size": [2, 6, 2], "inflate": 0.3, "pivot": [8, 2, 2], "rotation": [0, -70, -15], "uv": [43, 0]},
						{"origin": [-16, 31, 3], "size": [2, 6, 1], "inflate": 0.3, "pivot": [-18, 7, 7], "rotation": [-10, 115, 30], "uv": [26, 0]},
						{"origin": [16, 29, -8], "size": [2, 6, 1], "inflate": 0.3, "pivot": [14, 5, -4], "rotation": [10, -100, -35], "uv": [26, 1]},
						{"origin": [15, 29, -5], "size": [2, 6, 1], "inflate": 0.3, "pivot": [13, 5, -1], "rotation": [10, -100, -35], "uv": [40, 0]},
						{"origin": [-16, 31, 0], "size": [2, 6, 1], "inflate": 0.3, "pivot": [-18, 7, 4], "rotation": [-10, 115, 30], "uv": [26, 1]},
						{"origin": [-16.5, 30, -4], "size": [2, 6, 1], "inflate": 0.3, "pivot": [-18, 2, 0], "rotation": [0, 35, 25], "uv": [26, 4]},
						{"origin": [15.5, 28, -7], "size": [2, 6, 1], "inflate": 0.3, "pivot": [14, 0, -3], "rotation": [0, -35, -25], "uv": [43, 4]},
						{"origin": [19.5, 29, -8], "size": [1, 4, 1], "pivot": [17, -1, -4], "rotation": [0, -35, -30], "uv": [11, 22]},
						{"origin": [-12, 29, -10], "size": [2, 6, 1], "inflate": 0.3, "pivot": [-14, 1, -6], "rotation": [-10, 0, 15], "uv": [43, 4]},
						{"origin": [10, 27.5, -10], "size": [2, 6, 1], "inflate": 0.3, "pivot": [8, 0, -6], "rotation": [-10, 0, -15], "uv": [43, 4]},
						{"origin": [10, 29.5, -10.4], "size": [1, 3, 0], "pivot": [8, 2, -6], "rotation": [-10, 0, -15], "uv": [7, 23]},
						{"origin": [10.8, 29.6, -10.3], "size": [1, 1, 1], "pivot": [9, 2, -5], "rotation": [-10, 15, -15], "uv": [12, 23]}
					]
				},
				{
					"name": "rightArm",
					"pivot": [-5, 22, 0],
					"cubes": [
						{"origin": [-10, 12, -2], "size": [2, 2, 4], "uv": [6, 3]},
						{"origin": [-8, 15, -2], "size": [4, 2, 4], "inflate": 0.1, "uv": [0, 0]},
						{"origin": [-9.8, 14, -2], "size": [1.8, 1, 4], "uv": [1, 6]},
						{"origin": [-9.5, 11.9, -2], "size": [1, 0, 4], "uv": [7, 22]},
						{"origin": [-9, 18, 9], "size": [1, 2, 4], "pivot": [-4, 6, 11], "rotation": [45, 0, 0], "uv": [7, 3]},
						{"origin": [-9, 21.8, 5], "size": [1, 2, 4], "pivot": [-4, 10, 7], "rotation": [45, 0, 0], "uv": [9, 1]},
						{"origin": [-9, 23.9, 4.9], "size": [1, 0, 4], "pivot": [-4, 10, 7], "rotation": [45, 0, 0], "uv": [23, 24]},
						{"origin": [-9, 18, -13], "size": [1, 6, 4], "pivot": [-4, 6, -11], "rotation": [-45, 0, 0], "uv": [5, 0]},
						{"origin": [-9.5, 20, -13.2], "size": [1, 4, 4], "pivot": [-5, 6, -11], "rotation": [-45, 0, 0], "uv": [3, 3]},
						{"origin": [-9, 22, -9], "size": [1, 2, 4], "pivot": [-4, 10, -7], "rotation": [-45, 0, 0], "uv": [8, 0]},
						{"origin": [-9, 24.1, -8.9], "size": [1, 0, 4], "pivot": [-4, 10, -7], "rotation": [-45, 0, 0], "uv": [10, 22]},
						{"origin": [-9, 20.9, -6], "size": [1, 2, 2], "pivot": [-4, 9, -6], "rotation": [-45, 0, 0], "uv": [10, 13]},
						{"origin": [-9, 21, -13.6], "size": [1, 2, 2], "pivot": [-4, 9, -14], "rotation": [-45, 0, 0], "uv": [6, 9]}
					]
				},
				{
					"name": "leftArm",
					"pivot": [5, 22, 0]
				},
				{
					"name": "rightLeg",
					"pivot": [-1.9, 12, 0]
				},
				{
					"name": "leftLeg",
					"pivot": [1.9, 12, 0]
				}
			]
		}
	]
}