{
	"format_version": "1.12.0",
	"minecraft:geometry": [
		{
			"description": {
				"identifier": "geometry.quirk1",
				"texture_width": 64,
				"texture_height": 64,
				"visible_bounds_width": 4,
				"visible_bounds_height": 3,
				"visible_bounds_offset": [0, 0, 0]
			},
			"bones": [
				{
					"name": "rightArm",
					"pivot": [-5, 22, 0],
					"cubes": [
						{"origin": [-18, 18, 2.1], "size": [18, 13, 0], "uv": [0, 0]},
						{"origin": [-5, 5, 4], "size": [2, 2, 2], "uv": [32, 48]},
						{"origin": [-9, 11, -3], "size": [2, 2, 2], "uv": [32, 48]},
						{"origin": [-4, 6, -8], "size": [2, 2, 2], "uv": [32, 48]},
						{"origin": [-5, 10, -5], "size": [2, 2, 2], "uv": [32, 48]},
						{"origin": [-4, 9, -6], "size": [2, 2, 2], "uv": [32, 48]},
						{"origin": [-6, 6, 3], "size": [2, 2, 2], "uv": [32, 48]},
						{"origin": [-5, 7, -7], "size": [2, 2, 2], "uv": [32, 48]},
						{"origin": [-4, 4, -7], "size": [2, 2, 2], "uv": [32, 48]},
						{"origin": [-5, 3, -6], "size": [2, 2, 2], "uv": [32, 48]},
						{"origin": [-10, 11, -1], "size": [2, 2, 2], "uv": [32, 48]},
						{"origin": [-6, 10, 2], "size": [2, 2, 2], "uv": [32, 48]},
						{"origin": [-6, 11, -4], "size": [2, 2, 2], "uv": [32, 48]},
						{"origin": [-6, 9, 3], "size": [2, 2, 2], "uv": [32, 48]},
						{"origin": [-7, 8, 4], "size": [2, 2, 2], "uv": [32, 48]},
						{"origin": [-7, 3, 4], "size": [2, 2, 2], "uv": [32, 48]},
						{"origin": [-7, 11, 1], "size": [2, 2, 2], "uv": [32, 48]},
						{"origin": [-11, 10, -1], "size": [2, 2, 2], "uv": [32, 48]},
						{"origin": [-11, 9, 0], "size": [2, 2, 2], "uv": [32, 48]},
						{"origin": [-11, 7, -1], "size": [2, 2, 2], "uv": [32, 48]},
						{"origin": [-6, 4, 5], "size": [2, 2, 2], "uv": [32, 48]},
						{"origin": [-12, 6, 0], "size": [2, 2, 2], "uv": [32, 48]},
						{"origin": [-13, 5, -1], "size": [2, 2, 2], "uv": [32, 48]},
						{"origin": [-13, 4, -2], "size": [2, 2, 2], "uv": [32, 48]},
						{"origin": [-11, 3, -1], "size": [2, 2, 2], "uv": [32, 48]},
						{"origin": [-10, 2, -1], "size": [2, 2, 2], "uv": [32, 48]},
						{"origin": [-10, 10, -4], "size": [2, 2, 2], "uv": [32, 48]},
						{"origin": [-9, 8, -4], "size": [2, 2, 2], "uv": [32, 48]},
						{"origin": [-9, 7, -5], "size": [2, 2, 2], "uv": [32, 48]},
						{"origin": [-10, 5, -5], "size": [2, 2, 2], "uv": [32, 48]},
						{"origin": [-9, 4, -6], "size": [2, 2, 2], "uv": [32, 48]},
						{"origin": [-8, 3, -5], "size": [2, 2, 2], "uv": [32, 48]}
					]
				},
				{
					"name": "leftArm",
					"pivot": [5, 22, 0],
					"cubes": [
						{"origin": [0, 18, 2.1], "size": [18, 13, 0], "uv": [0, 13]}
					]
				},
				{
					"name": "Ostra2",
					"parent": "leftArm",
					"pivot": [5, 22, 0],
					"cubes": [
						{"origin": [-2, 13, -2], "size": [1, 8, 4], "pivot": [-19, -3, -4], "rotation": [0, 0, 15], "uv": [54, 0]},
						{"origin": [14, 4, -2], "size": [1, 8, 4], "pivot": [-3, -12, -4], "rotation": [0, 0, -15], "uv": [54, 0]},
						{"origin": [1.7, 13.7, 17], "size": [1, 8, 4], "pivot": [-16, -2, 15], "rotation": [15, 35, 20], "uv": [54, 0]},
						{"origin": [5.88953, 8, -4], "size": [1, 8, 4], "pivot": [8, 9, -6], "rotation": [-15, -35, 15], "uv": [54, 0]},
						{"origin": [14, 3.8, -5], "size": [1, 8, 4], "pivot": [-3, -12, -7], "rotation": [-20, 20, -25], "uv": [54, 0]},
						{"origin": [9.5, 8.4, 3.25306], "size": [1, 8, 4], "pivot": [11, 7, 3], "rotation": [15, -5, -20], "uv": [54, 0]}
					]
				}
			]
		}
	]
}