{
	"format_version": "1.12.0",
	"minecraft:geometry": [
		{
			"description": {
				"identifier": "geometry.armor4",
				"texture_width": 64,
				"texture_height": 32,
				"visible_bounds_width": 2,
				"visible_bounds_height": 3,
				"visible_bounds_offset": [0, 0, 0]
			},
			"bones": [
				{
					"name": "body",
					"pivot": [0, 24, 0]
				},
				{
					"name": "head",
					"pivot": [0, 24, 0],
					"cubes": [
						{"origin": [-4, 25, -4], "size": [8, 7, 8], "inflate": 1, "uv": [0, 1]},
						{"origin": [3, 34, -10.5], "size": [3, 8, 2], "pivot": [7, 11, -7], "rotation": [-15, 0, -20], "uv": [44, 8]},
						{"origin": [3.5, 41, -9.5], "size": [2, 2, 1], "pivot": [7, 11, -7], "rotation": [-15, 0, -20], "uv": [44, 8]},
						{"origin": [4, 34, -9.5], "size": [3, 6, 1], "pivot": [8, 11, -6], "rotation": [-15, 0, -25], "uv": [44, 8]},
						{"origin": [-8, 32, -9.5], "size": [3, 6, 1], "pivot": [-4, 9, -6], "rotation": [-15, 0, 25], "uv": [44, 8]},
						{"origin": [-6.5, 32.5, -10.5], "size": [3, 8, 2], "pivot": [-3, 9, -7], "rotation": [-15, 0, 20], "uv": [44, 8]},
						{"origin": [-6, 40.5, -9.5], "size": [2, 1, 1], "pivot": [-3, 9, -7], "rotation": [-15, 0, 20], "uv": [44, 8]}
					]
				},
				{
					"name": "rightArm",
					"pivot": [-5, 22, 0]
				},
				{
					"name": "leftArm",
					"pivot": [5, 22, 0]
				},
				{
					"name": "rightLeg",
					"pivot": [-1.9, 12, 0]
				},
				{
					"name": "leftLeg",
					"pivot": [1.9, 12, 0]
				}
			]
		}
	]
}