{
	"format_version": "1.12.0",
	"minecraft:geometry": [
		{
			"description": {
				"identifier": "geometry.quirk3",
				"texture_width": 32,
				"texture_height": 32,
				"visible_bounds_width": 3,
				"visible_bounds_height": 2,
				"visible_bounds_offset": [0, 0, 0]
			},
			"bones": [
				{
					"name": "body",
					"pivot": [0, 24, 0]
				},
				{
					"name": "head",
					"pivot": [0, 24, 0]
				},
				{
					"name": "rightArm",
					"pivot": [-5, 22, 0],
					"cubes": [
						{"origin": [-8, 12, -2], "size": [4, 12, 4], "inflate": 0.5, "uv": [0, 0]},
						{"origin": [-8, 21, -3], "size": [4, 3, 6], "inflate": 0.2, "uv": [0, 0]},
						{"origin": [-8, 22, -2], "size": [4, 3, 4], "inflate": 0.2, "uv": [0, 0]},
						{"origin": [-9, 21, -2], "size": [6, 3, 4], "inflate": 0.2, "uv": [0, 0]},
						{"origin": [-9, 17, -2], "size": [6, 3, 4], "inflate": 0.2, "uv": [0, 0]},
						{"origin": [-9, 13, -2], "size": [6, 3, 4], "inflate": 0.2, "uv": [0, 0]},
						{"origin": [-8, 17, -3], "size": [4, 3, 6], "inflate": 0.2, "uv": [0, 0]},
						{"origin": [-8, 13, -3], "size": [4, 3, 6], "inflate": 0.2, "uv": [0, 0]}
					]
				},
				{
					"name": "leftArm",
					"pivot": [5, 22, 0],
					"cubes": [
						{"origin": [4, 21, -3], "size": [4, 3, 6], "inflate": 0.2, "uv": [0, 16]},
						{"origin": [4, 22, -2], "size": [4, 3, 4], "inflate": 0.2, "uv": [0, 16]},
						{"origin": [3, 21, -2], "size": [6, 3, 4], "inflate": 0.2, "uv": [0, 16]},
						{"origin": [3, 17, -2], "size": [6, 3, 4], "inflate": 0.2, "uv": [0, 16]},
						{"origin": [3, 13, -2], "size": [6, 3, 4], "inflate": 0.2, "uv": [0, 16]},
						{"origin": [4, 17, -3], "size": [4, 3, 6], "inflate": 0.2, "uv": [0, 16]},
						{"origin": [4, 13, -3], "size": [4, 3, 6], "inflate": 0.2, "uv": [0, 16]},
						{"origin": [4, 12, -2], "size": [4, 12, 4], "inflate": 0.5, "uv": [0, 16]}
					]
				},
				{
					"name": "rightLeg",
					"pivot": [-1.9, 12, 0]
				},
				{
					"name": "leftLeg",
					"pivot": [1.9, 12, 0]
				}
			]
		}
	]
}