{
	"format_version": "1.12.0",
	"minecraft:geometry": [
		{
			"description": {
				"identifier": "geometry.quirk2",
				"texture_width": 32,
				"texture_height": 32,
				"visible_bounds_width": 5,
				"visible_bounds_height": 3,
				"visible_bounds_offset": [0, 0, 0]
			},
			"bones": [
				{
					"name": "rightArm",
					"pivot": [-5, 22, 0],
					"cubes": [
						{"origin": [-7.2, 12, -2], "size": [3, 12, 4], "inflate": 0.7, "uv": [0, 0]},
						{"origin": [-18.2, 14, -2], "size": [3, 3, 6], "inflate": 0.2, "pivot": [-11, 2, 0], "rotation": [0, 0, 10], "uv": [17, 0]},
						{"origin": [-17.2, 18, -2], "size": [3, 3, 6], "inflate": 0.2, "pivot": [-10, 6, 0], "rotation": [0, 0, 10], "uv": [17, 0]},
						{"origin": [-18.2, 14, -1], "size": [3, 6, 4], "inflate": 0.7, "pivot": [-11, 2, 1], "rotation": [0, 0, 10], "uv": [17, 0]},
						{"origin": [-11.2, 14.5, 2], "size": [1, 3, 1], "pivot": [-6, 3, 4], "rotation": [0, 0, -30], "uv": [19, 6]},
						{"origin": [-11.2, 14.5, -1], "size": [1, 3, 1], "pivot": [-6, 3, 1], "rotation": [0, 0, -30], "uv": [19, 6]},
						{"origin": [-11.2, 14.5, 0.5], "size": [1, 3, 1], "pivot": [-6, 3, 2], "rotation": [0, 0, -30], "uv": [19, 6]},
						{"origin": [-22.2, 12, 2], "size": [1, 3, 1], "pivot": [-17, 0, 4], "rotation": [0, 0, 20], "uv": [17, 0]},
						{"origin": [-22.2, 12, 0.5], "size": [1, 3, 1], "pivot": [-17, 0, 3], "rotation": [0, 0, 20], "uv": [17, 0]},
						{"origin": [-22.2, 12, -1], "size": [1, 3, 1], "pivot": [-17, 0, 2], "rotation": [0, 0, 20], "uv": [17, 0]},
						{"origin": [-14.2, 12.4, -7.5], "size": [1, 3, 1], "pivot": [-9, 1, -5], "rotation": [-20, 0, 0], "uv": [17, 0]},
						{"origin": [-14.2, 13.7, 4.5], "size": [1, 3, 1], "pivot": [-9, 2, 7], "rotation": [35, 0, 0], "uv": [17, 0]},
						{"origin": [-28.2, 22, -1], "size": [3, 6, 4], "inflate": 0.7, "pivot": [-21, 10, 1], "rotation": [0, 0, 60], "uv": [18, 4]},
						{"origin": [-27.2, 23, -1], "size": [3, 6, 4], "pivot": [-20, 11, 1], "rotation": [0, 0, 60], "uv": [18, 4]},
						{"origin": [-7.2, 21, -3], "size": [3, 3, 6], "inflate": 0.2, "uv": [0, 10]},
						{"origin": [-7.2, 22, -2], "size": [3, 3, 4], "inflate": 0.2, "uv": [0, 0]},
						{"origin": [-8.2, 21, -2], "size": [5, 3, 4], "inflate": 0.2, "uv": [0, 0]},
						{"origin": [-8.2, 17, -2], "size": [5, 3, 4], "inflate": 0.2, "uv": [0, 0]},
						{"origin": [-8.2, 13, -2], "size": [5, 3, 4], "inflate": 0.2, "uv": [0, 0]},
						{"origin": [-7.2, 17, -3], "size": [3, 3, 6], "inflate": 0.2, "uv": [0, 14]},
						{"origin": [-5, 10, -7], "size": [1, 3, 1], "inflate": 0.1, "pivot": [0, -3, -4], "rotation": [-15, 0, 0], "uv": [11, 0]},
						{"origin": [0, 16, -2], "size": [1, 3, 1], "pivot": [8, 3, -2], "rotation": [0, 0, -40], "uv": [9, 0]},
						{"origin": [0, 16, -0.5], "size": [1, 3, 1], "pivot": [8, 3, -1], "rotation": [0, 0, -40], "uv": [9, 0]},
						{"origin": [-11, 9, -0.5], "size": [1, 3, 1], "pivot": [-3, -4, -2], "rotation": [0, 0, 10], "uv": [4, 0]},
						{"origin": [-11, 9, -2], "size": [1, 3, 1], "pivot": [-3, -4, -4], "rotation": [0, 0, 10], "uv": [4, 0]},
						{"origin": [-7.2, 13, -3], "size": [3, 3, 6], "inflate": 0.2, "uv": [0, 0]},
						{"origin": [-11, 9, 1], "size": [1, 3, 1], "pivot": [-3, -4, 0], "rotation": [0, 0, 10], "uv": [4, 0]},
						{"origin": [0, 16, 1], "size": [1, 3, 1], "pivot": [8, 3, 0], "rotation": [0, 0, -40], "uv": [9, 0]},
						{"origin": [-5, 13, 6], "size": [1, 3, 1], "inflate": 0.1, "pivot": [0, 0, 9], "rotation": [40, 0, 0], "uv": [17, 0]}
					]
				},
				{
					"name": "leftArm",
					"pivot": [5, 22, 0],
					"cubes": [
						{"origin": [4.2, 21, -3], "size": [3, 3, 6], "inflate": 0.2, "uv": [0, 0]},
						{"origin": [4.2, 22, -2], "size": [3, 3, 4], "inflate": 0.2, "uv": [0, 25]},
						{"origin": [3.2, 21, -2], "size": [5, 3, 4], "inflate": 0.2, "uv": [0, 16]},
						{"origin": [3.2, 17, -2], "size": [5, 3, 4], "inflate": 0.2, "uv": [0, 16]},
						{"origin": [3.2, 13, -2], "size": [5, 3, 4], "inflate": 0.2, "uv": [0, 16]},
						{"origin": [10, 9, 1], "size": [1, 3, 1], "pivot": [3, -4, 3], "rotation": [0, 0, -10], "uv": [5, 21]},
						{"origin": [22, 11, 2], "size": [1, 3, 1], "pivot": [15, -2, 4], "rotation": [0, 0, -20], "uv": [17, 14]},
						{"origin": [22, 11, -1], "size": [1, 3, 1], "pivot": [15, -2, 1], "rotation": [0, 0, -20], "uv": [17, 14]},
						{"origin": [13, 12, -7.5], "size": [1, 3, 1], "pivot": [6, -1, -6], "rotation": [-20, 0, 0], "uv": [17, 14]},
						{"origin": [13, 6, 9.3], "size": [1, 3, 1], "pivot": [6, -9, -1], "rotation": [35, 0, 0], "uv": [17, 14]},
						{"origin": [10, 16, -1], "size": [1, 3, 1], "pivot": [3, 3, 1], "rotation": [0, 0, 30], "uv": [27, 10]},
						{"origin": [10, 16, 2], "size": [1, 3, 1], "pivot": [3, 3, 4], "rotation": [0, 0, 30], "uv": [25, 13]},
						{"origin": [10, 16, 0.5], "size": [1, 3, 1], "pivot": [3, 3, 4], "rotation": [0, 0, 30], "uv": [17, 14]},
						{"origin": [22, 11, 0.5], "size": [1, 3, 1], "pivot": [15, -2, 1], "rotation": [0, 0, -20], "uv": [17, 14]},
						{"origin": [-1, 16, 1], "size": [1, 3, 1], "pivot": [-8, 3, 3], "rotation": [0, 0, 40], "uv": [1, 12]},
						{"origin": [-1, 16, -0.5], "size": [1, 3, 1], "pivot": [-8, 3, 2], "rotation": [0, 0, 40], "uv": [2, 11]},
						{"origin": [-1, 16, -2], "size": [1, 3, 1], "pivot": [-8, 3, 2], "rotation": [0, 0, 40], "uv": [1, 12]},
						{"origin": [10, 9, -0.5], "size": [1, 3, 1], "pivot": [3, -4, 2], "rotation": [0, 0, -10], "uv": [0, 16]},
						{"origin": [10, 9, -2], "size": [1, 3, 1], "pivot": [3, -4, 1], "rotation": [0, 0, -10], "uv": [4, 12]},
						{"origin": [4.2, 17, -3], "size": [3, 3, 6], "inflate": 0.2, "uv": [0, 10]},
						{"origin": [4.2, 13, -3], "size": [3, 3, 6], "inflate": 0.2, "uv": [0, 16]},
						{"origin": [4, 10, -7], "size": [1, 3, 1], "inflate": 0.1, "pivot": [-2, -3, -4], "rotation": [-15, 0, 0], "uv": [2, 4]},
						{"origin": [4, 13, 6], "size": [1, 3, 1], "inflate": 0.1, "pivot": [-2, 0, 9], "rotation": [40, 0, 0], "uv": [15, 13]},
						{"origin": [4.2, 12, -2], "size": [3, 12, 4], "inflate": 0.7, "uv": [0, 16]},
						{"origin": [26.2, 22, -1], "size": [3, 6, 4], "inflate": 0.7, "pivot": [22, 9, 0], "rotation": [0, 0, -60], "uv": [18, 6]},
						{"origin": [15.4, 14, -1], "size": [3, 6, 4], "inflate": 0.7, "pivot": [11, 1, 0], "rotation": [0, 0, -10], "uv": [18, 5]},
						{"origin": [15.4, 14, -2], "size": [3, 3, 6], "pivot": [11, 1, -1], "rotation": [0, 0, -10], "uv": [18, 5]},
						{"origin": [14.4, 18, -2], "size": [3, 3, 6], "pivot": [10, 5, -1], "rotation": [0, 0, -10], "uv": [18, 5]},
						{"origin": [25.2, 23, -1], "size": [3, 6, 4], "pivot": [21, 10, 0], "rotation": [0, 0, -60], "uv": [15, 13]}
					]
				}
			]
		}
	]
}