{
	"format_version": "1.12.0",
	"minecraft:geometry": [
		{
			"description": {
				"identifier": "geometry.armor2",
				"texture_width": 64,
				"texture_height": 64,
				"visible_bounds_width": 3,
				"visible_bounds_height": 3,
				"visible_bounds_offset": [0, 0, 0]
			},
			"bones": [
				{
					"name": "body",
					"pivot": [0, 24, 0],
					"cubes": [
						{"origin": [-4, 12, -2], "size": [8, 12, 4], "inflate": 0.9, "uv": [16, 16]}
					]
				},
				{
					"name": "head",
					"pivot": [0, 24, 0],
					"cubes": [
						{"origin": [-2, 28, -5], "size": [4, 2, 1], "uv": [52, 0]},
						{"origin": [-2, 32, 2], "size": [4, 1, 2], "uv": [52, 0]},
						{"origin": [2, 24.5, 3], "size": [1, 1, 3], "uv": [35, 3]},
						{"origin": [-2.8, 24.5, 2.8], "size": [1, 1, 3], "uv": [35, 3]},
						{"origin": [-2, 32.8, 3], "size": [1, 1, 4], "pivot": [-4, 6, 9], "rotation": [10, 0, 0], "uv": [52, 0]},
						{"origin": [1, 32.8, 3], "size": [1, 1, 4], "pivot": [-1, 6, 9], "rotation": [10, 0, 0], "uv": [52, 0]},
						{"origin": [-0.5, 32.8, 3], "size": [1, 1, 4], "pivot": [-2, 6, 9], "rotation": [10, 0, 0], "uv": [52, 0]},
						{"origin": [0, 32, 1], "size": [1, 1, 3], "pivot": [-2, 5, 6], "rotation": [0, 50, 0], "uv": [52, 0]},
						{"origin": [-2, 30, -5], "size": [1, 1, 1], "uv": [52, 0]},
						{"origin": [1, 33, -18.2], "size": [1, 3, 1], "pivot": [-1, 7, -15], "rotation": [-30, 0, 0], "uv": [52, 0]},
						{"origin": [-2, 33, -18.2], "size": [1, 3, 1], "pivot": [-4, 7, -15], "rotation": [-30, 0, 0], "uv": [52, 0]},
						{"origin": [-0.5, 33, -18.2], "size": [1, 3, 1], "pivot": [-3, 7, -15], "rotation": [-30, 0, 0], "uv": [52, 0]},
						{"origin": [1, 30, -5], "size": [1, 1, 1], "uv": [52, 0]},
						{"origin": [-0.5, 30, -5], "size": [1, 1, 1], "uv": [52, 0]},
						{"origin": [2, 29, -5], "size": [1, 1, 1], "uv": [52, 0]},
						{"origin": [1, 29, -7.5], "size": [2, 1, 1], "pivot": [-1, 3, -4], "rotation": [0, -45, 0], "uv": [52, 0]},
						{"origin": [-2, 25.9, -10], "size": [4, 2, 1], "pivot": [-4, 0, -6], "rotation": [-10, 0, 0], "uv": [14, 0]},
						{"origin": [-2, 33, 8.5], "size": [4, 1, 2], "pivot": [-4, 7, 12], "rotation": [10, 0, 0], "uv": [14, 0]},
						{"origin": [0.9, 46, -20.5], "size": [1, 1, 5], "pivot": [-4, 21, -17], "rotation": [-70, 0, 0], "uv": [28, 0]},
						{"origin": [6.9, 38.5, 23.5], "size": [1, 1, 5], "pivot": [2, 16, 27], "rotation": [60, 25, 0], "uv": [28, 0]},
						{"origin": [-6.3, 38, 19], "size": [1, 1, 5], "pivot": [-12, 16, 22], "rotation": [60, -25, 0], "uv": [28, 0]},
						{"origin": [-1.8, 46, -20.5], "size": [1, 1, 5], "pivot": [-7, 21, -17], "rotation": [-70, 0, 0], "uv": [28, 0]}
					]
				},
				{
					"name": "rightArm",
					"pivot": [-5, 22, 0],
					"cubes": [
						{"origin": [-8.5, 27, -14], "size": [1, 3, 1], "pivot": [-4, 6, -15], "rotation": [-30, 0, 0], "uv": [45, 0]},
						{"origin": [-11.4, 16.5, -5], "size": [3, 1, 1], "pivot": [-7, -4, -6], "rotation": [0, 30, 0], "uv": [45, 0]},
						{"origin": [-11.4, 18, -5], "size": [3, 1, 1], "pivot": [-7, -4, -6], "rotation": [0, 30, 0], "uv": [45, 0]},
						{"origin": [-10.4, 15, 1.3], "size": [1, 4, 2], "pivot": [-5, -7, 1], "rotation": [0, -10, 0], "uv": [18, 0]},
						{"origin": [-10.4, 15, -1.7], "size": [1, 4, 2], "uv": [45, 0]},
						{"origin": [-10.4, 16.5, -2.7], "size": [1, 1, 1], "uv": [45, 0]},
						{"origin": [-10.4, 18, -2.7], "size": [1, 1, 1], "uv": [45, 0]},
						{"origin": [-7, 27, -14], "size": [1, 3, 1], "pivot": [-3, 6, -15], "rotation": [-30, 0, 0], "uv": [45, 0]},
						{"origin": [-10.4, 15, -1.7], "size": [1, 4, 2], "uv": [45, 0]},
						{"origin": [-7, 25.4, -2], "size": [1, 1, 1], "uv": [45, 0]},
						{"origin": [-10.4, 15, -2.7], "size": [1, 1, 1], "uv": [45, 0]},
						{"origin": [-10.4, 21, -18.7], "size": [1, 3, 1], "pivot": [-5, -2, -20], "rotation": [-45, 0, 0], "uv": [45, 0]},
						{"origin": [-11.4, 15, -5], "size": [3, 1, 1], "pivot": [-7, -6, -6], "rotation": [0, 30, 0], "uv": [45, 0]},
						{"origin": [-8.5, 25.4, -2], "size": [1, 1, 1], "uv": [45, 0]},
						{"origin": [-15.5, 25, -1], "size": [1, 1, 1], "pivot": [-11, 3, -1], "rotation": [0, 0, 15], "uv": [45, 0]},
						{"origin": [-5.7, 24.5, -1], "size": [1, 2, 1], "pivot": [-1, 3, -1], "rotation": [0, 0, -10], "uv": [45, 0]},
						{"origin": [-8.5, 25.4, 4.9], "size": [4, 1, 2], "pivot": [-4, 4, 3], "rotation": [10, 0, 0], "uv": [14, 0]},
						{"origin": [-5.5, 25.4, -2], "size": [1, 1, 1], "uv": [45, 0]},
						{"origin": [-8.5, 25.4, -1], "size": [4, 1, 2], "uv": [45, 0]},
						{"origin": [-5.5, 27, -14], "size": [1, 3, 1], "pivot": [-2, 6, -15], "rotation": [-30, 0, 0], "uv": [45, 0]},
						{"origin": [-8, 12, -2], "size": [4, 12, 4], "inflate": 0.75, "uv": [32, 48]}
					]
				},
				{
					"name": "leftArm",
					"pivot": [5, 22, 0],
					"cubes": [
						{"origin": [4.5, 25.4, 4.9], "size": [4, 1, 2], "pivot": [9, 4, 3], "rotation": [10, 0, 0], "uv": [14, 0]},
						{"origin": [4.5, 25.4, -1], "size": [4, 1, 2], "uv": [45, 0]},
						{"origin": [4, 12, -2], "size": [4, 12, 4], "inflate": 0.75, "uv": [40, 16]},
						{"origin": [4.5, 25.4, -2], "size": [1, 1, 1], "uv": [45, 0]},
						{"origin": [7.5, 25.4, -2], "size": [1, 1, 1], "uv": [45, 0]},
						{"origin": [13.9, 27.3, -1], "size": [1, 1, 1], "pivot": [19, 6, -1], "rotation": [0, 0, -15], "uv": [45, 0]},
						{"origin": [4.5, 23, -1], "size": [1, 2, 1], "pivot": [10, 2, -1], "rotation": [0, 0, 10], "uv": [45, 0]},
						{"origin": [6, 25.4, -2], "size": [1, 1, 1], "uv": [45, 0]},
						{"origin": [4.5, 27, -14], "size": [1, 3, 1], "pivot": [9, 6, -15], "rotation": [-30, 0, 0], "uv": [45, 0]},
						{"origin": [7.5, 27, -14], "size": [1, 3, 1], "pivot": [12, 6, -15], "rotation": [-30, 0, 0], "uv": [45, 0]},
						{"origin": [6, 27, -14], "size": [1, 3, 1], "pivot": [11, 6, -15], "rotation": [-30, 0, 0], "uv": [45, 0]},
						{"origin": [9.6, 15, -1.7], "size": [1, 4, 2], "uv": [45, 0]},
						{"origin": [9.6, 18, -2.7], "size": [1, 1, 1], "uv": [45, 0]},
						{"origin": [9.6, 15, -2.7], "size": [1, 1, 1], "uv": [45, 0]},
						{"origin": [9.6, 20.2, -18.7], "size": [1, 3, 1], "pivot": [15, -2, -19], "rotation": [-45, 0, 0], "uv": [45, 0]},
						{"origin": [9.6, 16.5, -2.7], "size": [1, 1, 1], "uv": [45, 0]},
						{"origin": [5.5, 16.5, -8.8], "size": [1, 1, 3], "pivot": [11, -9, -8], "rotation": [0, 60, 0], "uv": [45, 0]},
						{"origin": [5.5, 15, -8.8], "size": [1, 1, 3], "pivot": [11, -11, -8], "rotation": [0, 60, 0], "uv": [45, 0]},
						{"origin": [5.5, 18, -8.8], "size": [1, 1, 3], "pivot": [11, -8, -8], "rotation": [0, 60, 0], "uv": [45, 0]},
						{"origin": [9.6, 15, -0.7], "size": [1, 4, 2], "pivot": [15, -7, -1], "rotation": [0, 10, 0], "uv": [13, 0]}
					]
				},
				{
					"name": "rightLeg",
					"pivot": [-1.9, 12, 0],
					"cubes": [
						{"origin": [-4.25, 0, -2], "size": [4, 12, 4], "inflate": 0.5, "uv": [16, 48]}
					]
				},
				{
					"name": "leftLeg",
					"pivot": [1.9, 12, 0],
					"cubes": [
						{"origin": [0.25, 0, -2], "size": [4, 12, 4], "inflate": 0.5, "uv": [0, 16]}
					]
				}
			]
		}
	]
}