{"minecraft:client_entity":{"description":{"render_controllers":["controller.render.zombie"],"enable_attachables":true,"materials":{"default":"zombie"},"geometry":{"default":"geometry.zombie.v1.8"},"animations":{"use_item_progress":"animation.humanoid.use_item_progress","look_at_target_gliding":"animation.humanoid.look_at_target.gliding","zombie_swimming":"animation.zombie.swimming","holding":"animation.humanoid.holding","zombie_attack_bare_hand":"animation.zombie.attack_bare_hand","look_at_target_default":"animation.humanoid.look_at_target.default","riding.arms":"animation.humanoid.riding.arms","riding.legs":"animation.humanoid.riding.legs","humanoid_big_head":"animation.humanoid.big_head","attack.rotations":"animation.humanoid.attack.rotations","damage_nearby_mobs":"animation.humanoid.damage_nearby_mobs","brandish_spear":"animation.humanoid.brandish_spear","look_at_target_swimming":"animation.humanoid.look_at_target.swimming","charging":"animation.humanoid.charging","move":"animation.humanoid.move","sneaking":"animation.humanoid.sneaking","bob":"animation.humanoid.bob","bow_and_arrow":"animation.humanoid.bow_and_arrow","swimming":"animation.humanoid.swimming"},"spawn_egg":{"texture":"zombie","texture_index":0},"identifier":"mob:nomu2","scripts":{"pre_animation":["variable.tcos0 = (Math.cos(query.modified_distance_moved * 38.17) * query.modified_move_speed / variable.gliding_speed_value) * 57.3;"]},"min_engine_version":"1.8.0","animation_controllers":[{"humanoid_baby_big_head":"controller.animation.humanoid.baby_big_head"},{"look_at_target":"controller.animation.humanoid.look_at_target"},{"move":"controller.animation.humanoid.move"},{"riding":"controller.animation.humanoid.riding"},{"holding":"controller.animation.humanoid.holding"},{"brandish_spear":"controller.animation.humanoid.brandish_spear"},{"charging":"controller.animation.humanoid.charging"},{"attack":"controller.animation.humanoid.attack"},{"sneaking":"controller.animation.humanoid.sneaking"},{"bob":"controller.animation.humanoid.bob"},{"damage_nearby_mobs":"controller.animation.humanoid.damage_nearby_mobs"},{"bow_and_arrow":"controller.animation.humanoid.bow_and_arrow"},{"swimming":"controller.animation.humanoid.swimming"},{"use_item_progress":"controller.animation.humanoid.use_item_progress"},{"zombie_attack_bare_hand":"controller.animation.zombie.attack_bare_hand"},{"zombie_swimming":"controller.animation.zombie.swimming"}],"textures":{"default":"textures/entity/pamobile/mob_nomu2"}}},"format_version":"1.8.0"}