{"animation_controllers":{"controller.animation.eln_remove":{"initial_state":"default","states":{"default":{"transitions":[{"shoot":"query.get_equipped_item_name=='remove' && query.item_remaining_use_duration > 0"}]},"shoot":{"on_entry":["/clear @s eln:up","/clear @s eln:ahead","/clear @s eln:mode","/clear @s eln:remove","/clear @s eln:ap_shoot","/give @s eln:mode","/effect @s clear"],"transitions":[{"default":"query.get_equipped_item_name=='remove' && query.item_remaining_use_duration > 0"}]}}}},"format_version":"1.10.0"}