{"animation_controllers":{"controller.animation.eln_mode":{"initial_state":"default","states":{"default":{"transitions":[{"shoot":"query.get_equipped_item_name=='mode' && query.item_remaining_use_duration > 0"}]},"shoot":{"on_entry":["/clear @s eln:up","/clear @s eln:ahead","/give @s eln:up","/give @s eln:ahead","/clear @s eln:ap_shoot","/give @s eln:ap_shoot","/clear @s eln:remove","/give @s eln:remove"],"on_exit":["/clear @s eln:mode"],"transitions":[{"default":"query.get_equipped_item_name=='mode' && query.item_remaining_use_duration > 0"}]}}}},"format_version":"1.10.0"}