{"animation_controllers":{"controller.animation.hif_ice":{"initial_state":"default","states":{"default":{"transitions":[{"shoot":"query.get_equipped_item_name=='ice' && query.item_remaining_use_duration > 0"}]},"shoot":{"on_entry":["/summon entity:full_nitro","/effect @e[rm=2] slowness 10 10 true","/fill ^^1^1 ^^1^10 packed_ice 0 replace air","/execute @e[rm=2] ~~~ fill ~-2~-2~-2~2~2~2 packed_ice 0 replace air","/effect @s slowness 5 2 true","/effect @s hunger 2 24 true","/effect @e[rm=2] wither 5 1 true"],"transitions":[{"default":"query.get_equipped_item_name=='ice' && query.item_remaining_use_duration > 0"}]}}}},"format_version":"1.10.0"}