{"animation_controllers":{"controller.animation.hif_fire":{"initial_state":"default","states":{"default":{"transitions":[{"shoot":"query.get_equipped_item_name=='fire' && query.item_remaining_use_duration > 0"}]},"shoot":{"on_entry":["/summon entity:full_nitro","/execute @e[rm=2] ~~~ fill ~-2~-2~-2~2~20~2 fire 0 replace air","/effect @s fire_resistance 10000000 2 true","/effect @s saturation 1 255 true","/execute @s ~~~ detect ~~~ fire 0 effect @s regeneration 3 255 true"],"transitions":[{"default":"query.get_equipped_item_name=='fire' && query.item_remaining_use_duration > 0"}]}}}},"format_version":"1.10.0"}