{"animation_controllers":{"controller.animation.ofa_shoot_style":{"initial_state":"default","states":{"default":{"transitions":[{"shoot":"query.get_equipped_item_name=='shoot_style' && query.item_remaining_use_duration > 0"}]},"shoot":{"on_entry":["/effect @s strength 6 15 true","/effect @s hunger 2 24 true","/effect @s speed 1000000 4 true","/effect @s jump_boost 1000000 4 true"],"transitions":[{"default":"query.get_equipped_item_name=='shoot_style' && query.item_remaining_use_duration > 0"}]}}}},"format_version":"1.10.0"}