{"animation_controllers":{"controller.animation.ofa_last_hit":{"initial_state":"default","states":{"default":{"transitions":[{"shoot":"query.get_equipped_item_name=='last_hit' && query.item_remaining_use_duration > 0"}]},"shoot":{"on_entry":["/summon entity:ofa_nitro_lh","/effect @s resistance 1 255 true","/summon entity:explosion_lh","/effect @s poison 1 255 true"],"transitions":[{"default":"query.get_equipped_item_name=='last_hit' && query.item_remaining_use_duration > 0"}]}}}},"format_version":"1.10.0"}