{"animation_controllers":{"controller.animation.ofa_removea":{"initial_state":"default","states":{"default":{"transitions":[{"shoot":"query.get_equipped_item_name=='removea' && query.item_remaining_use_duration > 0"}]},"shoot":{"on_entry":["/clear @s ofa:smash","/clear @s ofa:shoot_style","/clear @s ofa:last_hit","/give @s ofa:oh","/effect @s clear"],"on_exit":["/clear @s ofa:removea"],"transitions":[{"default":"query.get_equipped_item_name=='removea' && query.item_remaining_use_duration > 0"}]}}}},"format_version":"1.10.0"}