{"animation_controllers":{"controller.animation.quick_decay":{"initial_state":"default","states":{"decay":{"on_entry":["/kill @e[type=!player,r=3]"],"transitions":[{"default":"(1.0)"}]},"default":{"transitions":[{"shoot":"query.get_equipped_item_name=='decay' && query.item_remaining_use_duration > 0"},{"decay":"query.mark_variant == 70 && variable.attack_time > 0.0"}]},"shoot":{"on_entry":["/clear @s remove:quick_decay","/clear @s quick:decay","/give @s remove:quick_decay","@s decay"],"transitions":[{"default":"query.get_equipped_item_name=='decay' && query.item_remaining_use_duration > 0"}]}}}},"format_version":"1.10.0"}