{
  "format_version": "1.12",
  "minecraft:recipe_shaped": {
    "description": {
      "identifier": "electrification3_4a8aa93a"
    },
    "tags": [
      "crafting_table"
    ],
    "pattern": [
      " A ",
      "ABA",
      " A "
    ],
    "key": {
      "A": {
        "item": "itemsquirk:chargedpoints",
        "data": 0
      },
      "B": {
        "item": "itemsmha:quirk_paper",
        "data": 0
      }
    },
    "result": {
      "item": "documento:electrification3",
      "count": 1
    }
  }
}