{
  "format_version": "1.12",
  "minecraft:recipe_shaped": {
    "description": {
      "identifier": "overhaul_3d9d21a1"
    },
    "tags": [
      "crafting_table"
    ],
    "pattern": [
      " A ",
      "ABC",
      " C "
    ],
    "key": {
      "A": {
        "item": "minecraft:potion",
        "data": 36
      },
      "B": {
        "item": "itemsmha:quirk_paper",
        "data": 0
      },
      "C": {
        "item": "minecraft:totem",
        "data": 0
      }
    },
    "result": {
      "item": "documento:overhaul",
      "count": 1
    }
  }
}