{
  "format_version": "1.12",
  "minecraft:recipe_shaped": {
    "description": {
      "identifier": "manifest_201d6c18"
    },
    "tags": [
      "crafting_table"
    ],
    "pattern": [
      " A ",
      "BCD",
      " E "
    ],
    "key": {
      "A": {
        "item": "minecraft:golden_apple",
        "data": 0
      },
      "B": {
        "item": "minecraft:speckled_melon",
        "data": 0
      },
      "C": {
        "item": "itemsmha:quirk_paper",
        "data": 0
      },
      "D": {
        "item": "minecraft:golden_carrot",
        "data": 0
      },
      "E": {
        "item": "minecraft:mushroom_stew",
        "data": 0
      }
    },
    "result": {
      "item": "documento:manifest",
      "count": 1
    }
  }
}