{
  "format_version": "1.12",
  "minecraft:recipe_shaped": {
    "description": {
      "identifier": "half_hot_half_cold_e9f9eb96"
    },
    "tags": [
      "crafting_table"
    ],
    "pattern": [
      " A ",
      "ABC",
      " C "
    ],
    "key": {
      "A": {
        "item": "itemsquirk:frozenpoints",
        "data": 0
      },
      "B": {
        "item": "itemsmha:quirk_paper",
        "data": 0
      },
      "C": {
        "item": "itemsquirk:flamingpoints",
        "data": 0
      }
    },
    "result": {
      "item": "documento:half_hot_half_cold",
      "count": 1
    }
  }
}